date,day,period,nswprice,nswdemand,vicprice,vicdemand,transfer,class
0.469,4,0.915,0.046,0.447,0.003,0.463,0.671,DOWN
0.425,4,0.447,0.07,0.414,0.003,0.423,0.415,UP
0.867,7,0.404,0.029,0.428,0.002,0.261,0.659,DOWN
0.425,5,0.404,0.088,0.481,0.003,0.423,0.415,UP
0.014,3,0.702,0.055,0.477,0.003,0.423,0.415,DOWN
0.448,4,0.0,0.041,0.546,0.003,0.512,0.475,DOWN
0.474,4,0.745,0.029,0.481,0.002,0.345,0.595,DOWN
0.009,1,0.021,0.042,0.448,0.003,0.423,0.415,DOWN
0.46,6,0.255,0.04,0.422,0.003,0.426,0.49,DOWN
0.438,3,0.298,0.062,0.438,0.003,0.423,0.415,DOWN
0.881,5,0.468,0.029,0.529,0.002,0.556,0.607,DOWN
0.894,7,0.064,0.089,0.475,0.005,0.397,0.699,UP
0.912,4,0.723,0.053,0.438,0.004,0.51,0.436,UP
0.018,1,0.617,0.07,0.407,0.003,0.423,0.415,DOWN
0.023,6,0.787,0.071,0.424,0.003,0.423,0.415,UP
0.009,7,0.787,0.043,0.763,0.003,0.423,0.415,DOWN
0.001,3,0.447,0.044,0.506,0.003,0.423,0.415,DOWN
0.01,3,0.447,0.047,0.636,0.003,0.423,0.415,DOWN
0.005,5,0.319,0.096,0.603,0.003,0.423,0.415,DOWN
0.872,1,0.362,0.052,0.498,0.003,0.396,0.812,UP
0.435,4,0.277,0.06,0.305,0.003,0.423,0.415,UP
0.434,3,0.426,0.052,0.521,0.003,0.423,0.415,DOWN
0.89,3,0.255,0.029,0.444,0.002,0.44,0.45,DOWN
0.456,4,0.426,0.034,0.66,0.002,0.65,0.376,DOWN
0.434,3,0.979,0.058,0.443,0.003,0.423,0.415,UP
0.439,5,0.745,0.058,0.51,0.003,0.423,0.415,UP
0.027,2,0.979,0.085,0.47,0.003,0.423,0.415,UP
0.904,3,0.596,0.082,0.541,0.006,0.476,0.514,DOWN
0.912,3,0.83,0.056,0.533,0.004,0.59,0.504,UP
0.439,5,0.277,0.059,0.417,0.003,0.423,0.415,DOWN
0.438,6,0.191,0.054,0.123,0.003,0.423,0.415,DOWN
0.876,7,0.106,0.021,0.108,0.001,0.134,0.838,DOWN
0.027,5,0.894,0.049,0.393,0.003,0.423,0.415,DOWN
0.434,3,0.149,0.043,0.106,0.003,0.423,0.415,DOWN
0.912,5,0.894,0.042,0.379,0.003,0.381,0.57,DOWN
0.426,6,0.787,0.062,0.316,0.003,0.423,0.415,DOWN
0.469,6,0.426,0.03,0.518,0.002,0.582,0.496,DOWN
0.452,6,0.809,0.071,0.725,0.005,0.67,0.517,UP
0.005,7,0.021,0.058,0.405,0.003,0.423,0.415,DOWN
0.005,4,0.872,0.043,0.587,0.003,0.423,0.415,DOWN
0.014,2,0.106,0.041,0.224,0.003,0.423,0.415,DOWN
0.881,5,0.128,0.017,0.094,0.001,0.268,0.769,DOWN
0.868,2,0.66,0.03,0.481,0.002,0.482,0.606,DOWN
0.014,6,0.596,0.041,0.539,0.003,0.423,0.415,DOWN
0.013,2,0.319,0.075,0.639,0.003,0.423,0.415,UP
0.456,6,0.787,0.044,0.721,0.003,0.676,0.498,DOWN
0.872,2,0.787,0.035,0.601,0.002,0.582,0.578,DOWN
0.46,6,0.851,0.035,0.401,0.002,0.273,0.576,DOWN
0.903,5,0.872,0.064,0.45,0.004,0.498,0.469,DOWN
0.448,6,0.702,0.046,0.545,0.003,0.485,0.553,DOWN
0.461,5,0.106,0.033,0.227,0.002,0.338,0.671,DOWN
0.43,5,0.979,0.085,0.569,0.003,0.423,0.415,UP
0.018,2,0.936,0.079,0.481,0.003,0.423,0.415,UP
0.872,5,0.191,0.029,0.205,0.002,0.275,0.901,DOWN
0.001,7,0.213,0.069,0.112,0.003,0.423,0.415,DOWN
0.456,4,0.809,0.038,0.782,0.003,0.615,0.484,DOWN
0.434,5,0.468,0.082,0.538,0.003,0.423,0.415,UP
0.461,6,0.383,0.033,0.576,0.002,0.529,0.241,DOWN
0.872,1,0.043,0.028,0.182,0.001,0.253,0.829,DOWN
0.009,7,0.085,0.045,0.292,0.003,0.423,0.415,DOWN
0.903,7,0.106,0.043,0.151,0.003,0.247,0.903,DOWN
0.912,1,0.213,0.039,0.176,0.003,0.196,0.415,DOWN
0.023,5,0.574,0.107,0.464,0.003,0.423,0.415,UP
0.018,5,0.553,0.058,0.466,0.003,0.423,0.415,DOWN
0.438,7,0.851,0.049,0.276,0.003,0.423,0.415,DOWN
0.022,1,0.936,0.048,0.362,0.003,0.423,0.415,DOWN
0.435,5,0.617,0.041,0.324,0.003,0.423,0.415,DOWN
0.898,1,0.447,0.091,0.537,0.006,0.387,0.718,UP
0.434,5,0.128,0.041,0.192,0.003,0.423,0.415,DOWN
0.473,3,0.404,0.03,0.616,0.002,0.365,0.422,UP
0.022,3,0.043,0.058,0.231,0.003,0.423,0.415,DOWN
0.461,3,0.766,0.03,0.506,0.002,0.48,0.468,UP
0.881,3,0.957,0.031,0.448,0.002,0.361,0.703,DOWN
0.023,4,0.128,0.047,0.143,0.003,0.423,0.415,DOWN
0.912,5,0.489,0.051,0.565,0.003,0.556,0.459,UP
0.005,7,0.298,0.052,0.141,0.003,0.423,0.415,DOWN
0.868,4,0.468,0.028,0.57,0.002,0.511,0.668,UP
0.456,7,0.0,0.033,0.443,0.002,0.365,0.548,DOWN
0.023,1,0.936,0.048,0.225,0.003,0.423,0.415,DOWN
0.434,2,0.851,0.047,0.392,0.003,0.423,0.415,UP
0.474,5,0.532,0.039,0.493,0.003,0.445,0.649,DOWN
0.018,6,0.468,0.069,0.397,0.003,0.423,0.415,DOWN
0.469,7,0.681,0.027,0.334,0.002,0.169,0.611,DOWN
0.907,5,0.404,0.079,0.533,0.005,0.531,0.487,DOWN
0.425,5,0.809,0.073,0.28,0.003,0.423,0.415,UP
0.438,6,0.149,0.068,0.13,0.003,0.423,0.415,UP
0.434,1,0.574,0.067,0.544,0.003,0.423,0.415,UP
0.004,4,0.0,0.077,0.545,0.003,0.423,0.415,UP
0.009,5,0.702,0.042,0.519,0.003,0.423,0.415,DOWN
0.026,6,0.021,0.048,0.304,0.003,0.423,0.415,DOWN
0.474,7,0.979,0.028,0.368,0.002,0.232,0.766,DOWN
0.443,2,0.936,0.041,0.45,0.003,0.443,0.602,DOWN
0.452,4,0.872,0.033,0.613,0.002,0.545,0.511,DOWN
0.001,2,0.404,0.044,0.518,0.003,0.423,0.415,DOWN
0.439,3,0.766,0.055,0.482,0.003,0.423,0.415,DOWN
0.009,7,0.298,0.076,0.352,0.003,0.423,0.415,DOWN
0.014,3,0.979,0.081,0.492,0.003,0.423,0.415,UP
0.004,4,0.809,0.045,0.523,0.003,0.423,0.415,DOWN
0.903,7,0.34,0.089,0.437,0.006,0.343,0.761,UP
0.018,5,0.34,0.047,0.463,0.003,0.423,0.415,DOWN
0.009,7,0.681,0.042,0.236,0.003,0.423,0.415,DOWN
0.474,5,0.851,0.044,0.49,0.003,0.355,0.558,DOWN
0.439,5,0.234,0.056,0.153,0.003,0.423,0.415,DOWN
0.871,2,0.511,0.032,0.675,0.002,0.53,0.764,UP
0.434,1,0.723,0.05,0.503,0.003,0.423,0.415,UP
0.898,4,0.809,0.073,0.671,0.005,0.668,0.517,DOWN
0.996,7,0.511,0.072,0.258,0.002,0.287,0.433,UP
0.001,1,0.085,0.065,0.17,0.003,0.423,0.415,DOWN
0.443,2,0.787,0.071,0.564,0.005,0.528,0.484,UP
0.026,7,0.064,0.048,0.113,0.003,0.423,0.415,DOWN
0.014,5,0.617,0.041,0.419,0.003,0.423,0.415,DOWN
0.018,2,0.255,0.067,0.437,0.003,0.423,0.415,DOWN
0.456,1,0.617,0.034,0.454,0.002,0.332,0.739,UP
0.443,7,0.532,0.047,0.359,0.003,0.336,0.501,DOWN
0.868,2,0.872,0.033,0.403,0.002,0.39,0.783,UP
0.027,2,0.574,0.102,0.497,0.003,0.423,0.415,UP
0.027,3,0.787,0.075,0.487,0.003,0.423,0.415,DOWN
0.911,6,0.872,0.049,0.47,0.003,0.409,0.548,DOWN
0.434,3,0.085,0.05,0.472,0.003,0.423,0.415,DOWN
0.46,7,0.617,0.029,0.274,0.002,0.243,0.415,DOWN
0.473,4,0.362,0.045,0.576,0.003,0.542,0.363,UP
0.023,3,0.234,0.061,0.203,0.003,0.423,0.415,DOWN
0.027,2,0.66,0.075,0.48,0.003,0.423,0.415,UP
0.027,6,0.766,0.089,0.39,0.003,0.423,0.415,UP
0.426,5,0.553,0.09,0.502,0.003,0.423,0.415,UP
0.474,6,0.766,0.086,0.446,0.006,0.379,0.658,UP
0.908,7,0.298,0.042,0.442,0.003,0.342,0.603,UP
0.434,5,0.702,0.045,0.413,0.003,0.423,0.415,DOWN
0.439,3,0.936,0.053,0.426,0.003,0.423,0.415,DOWN
0.881,2,0.553,0.029,0.481,0.002,0.558,0.374,UP
0.018,6,0.106,0.047,0.236,0.003,0.423,0.415,DOWN
0.439,6,0.979,0.055,0.281,0.003,0.423,0.415,DOWN
0.434,3,0.979,0.074,0.464,0.003,0.423,0.415,DOWN
0.014,6,0.426,0.041,0.509,0.003,0.423,0.415,DOWN
0.031,7,0.213,0.053,0.127,0.003,0.423,0.415,DOWN
0.438,7,0.809,0.048,0.412,0.003,0.423,0.415,DOWN
0.442,7,0.277,0.044,0.239,0.003,0.185,0.501,DOWN
0.438,4,0.809,0.056,0.465,0.003,0.423,0.415,DOWN
0.032,4,0.511,0.058,0.28,0.003,0.423,0.415,DOWN
0.881,2,0.234,0.03,0.276,0.002,0.328,0.757,UP
0.005,4,0.468,0.055,0.569,0.003,0.423,0.415,DOWN
0.01,6,0.809,0.042,0.33,0.003,0.423,0.415,DOWN
0.01,1,0.404,0.042,0.726,0.003,0.423,0.415,DOWN
0.023,2,0.851,0.071,0.431,0.003,0.423,0.415,UP
0.031,6,0.34,0.06,0.297,0.003,0.423,0.415,DOWN
0.004,1,0.489,0.045,0.558,0.003,0.423,0.415,DOWN
0.032,6,0.851,0.058,0.334,0.003,0.423,0.415,DOWN
0.032,3,0.936,0.058,0.229,0.003,0.423,0.415,DOWN
0.469,7,0.128,0.023,0.12,0.002,0.22,0.723,DOWN
0.474,7,0.085,0.025,0.186,0.001,0.232,0.766,DOWN
0.456,6,0.213,0.031,0.317,0.002,0.341,0.786,DOWN
0.005,7,0.638,0.042,0.279,0.003,0.423,0.415,UP
0.867,7,0.234,0.028,0.154,0.002,0.15,0.731,DOWN
0.456,7,0.021,0.033,0.395,0.002,0.364,0.577,DOWN
0.894,4,0.872,0.057,0.693,0.004,0.547,0.613,DOWN
0.867,5,0.021,0.035,0.283,0.002,0.386,0.628,DOWN
0.899,2,0.383,0.081,0.538,0.005,0.558,0.429,UP
0.889,7,0.638,0.028,0.315,0.002,0.264,0.724,DOWN
0.009,4,0.787,0.078,0.707,0.003,0.423,0.415,UP
0.447,7,0.426,0.048,0.513,0.003,0.313,0.55,DOWN
0.014,2,0.915,0.042,0.428,0.003,0.423,0.415,DOWN
0.434,3,0.894,0.047,0.352,0.003,0.423,0.415,DOWN
0.474,1,0.234,0.024,0.118,0.002,0.168,0.879,DOWN
0.013,2,0.489,0.057,0.527,0.003,0.423,0.415,DOWN
0.001,4,0.745,0.075,0.447,0.003,0.423,0.415,DOWN
0.442,5,0.766,0.055,0.376,0.003,0.423,0.415,DOWN
0.022,3,0.766,0.078,0.311,0.003,0.423,0.415,UP
0.433,4,0.404,0.059,0.52,0.003,0.423,0.415,DOWN
0.031,6,0.468,0.057,0.387,0.003,0.423,0.415,DOWN
0.461,7,0.149,0.028,0.112,0.002,0.158,0.69,DOWN
0.912,6,0.298,0.053,0.368,0.004,0.424,0.434,DOWN
0.461,3,0.149,0.03,0.312,0.002,0.339,0.402,DOWN
0.881,6,0.128,0.024,0.143,0.002,0.268,0.664,DOWN
0.009,7,0.404,0.042,0.536,0.003,0.423,0.415,DOWN
0.023,3,0.702,0.075,0.451,0.003,0.423,0.415,UP
0.426,6,0.34,0.058,0.289,0.003,0.423,0.415,DOWN
0.872,6,0.979,0.045,0.388,0.003,0.291,0.828,DOWN
0.903,3,0.681,0.085,0.554,0.006,0.519,0.52,UP
0.027,2,0.66,0.078,0.462,0.003,0.423,0.415,UP
0.899,5,0.745,0.088,0.683,0.006,0.628,0.474,UP
0.473,7,0.298,0.041,0.372,0.003,0.323,0.635,UP
0.023,3,0.149,0.067,0.169,0.003,0.423,0.415,DOWN
0.022,3,0.085,0.046,0.306,0.003,0.423,0.415,DOWN
0.461,2,0.447,0.031,0.515,0.002,0.407,0.487,UP
0.429,6,0.362,0.067,0.404,0.003,0.423,0.415,UP
0.451,7,0.894,0.041,0.488,0.003,0.397,0.623,UP
0.474,6,0.915,0.028,0.448,0.002,0.434,0.536,DOWN
0.452,5,0.915,0.031,0.561,0.002,0.472,0.665,DOWN
0.01,4,0.404,0.085,0.602,0.003,0.423,0.415,UP
0.032,1,0.468,0.067,0.237,0.003,0.423,0.415,DOWN
0.004,7,0.426,0.045,0.302,0.003,0.423,0.415,DOWN
0.425,5,0.085,0.067,0.285,0.003,0.423,0.415,DOWN
0.908,1,0.617,0.027,0.349,0.002,0.123,0.802,DOWN
0.031,3,0.511,0.057,0.459,0.003,0.423,0.415,DOWN
0.435,3,0.383,0.048,0.452,0.003,0.423,0.415,DOWN
0.004,2,0.511,0.049,0.503,0.003,0.423,0.415,DOWN
0.009,7,0.213,0.041,0.175,0.003,0.423,0.415,DOWN
0.032,2,0.106,0.055,0.18,0.003,0.423,0.415,DOWN
0.022,7,0.191,0.041,0.105,0.003,0.423,0.415,DOWN
0.439,6,0.128,0.041,0.128,0.003,0.423,0.415,DOWN
0.885,4,0.213,0.027,0.143,0.002,0.101,0.785,DOWN
0.907,6,0.66,0.069,0.383,0.004,0.445,0.558,DOWN
0.014,1,0.532,0.064,0.513,0.003,0.423,0.415,UP
0.018,4,0.553,0.054,0.248,0.003,0.423,0.415,DOWN
0.456,6,0.511,0.032,0.604,0.002,0.556,0.564,DOWN
0.022,6,0.468,0.057,0.389,0.003,0.423,0.415,DOWN
0.018,7,0.553,0.075,0.296,0.003,0.423,0.415,UP
0.456,6,0.064,0.033,0.377,0.002,0.371,0.675,DOWN
0.004,5,0.872,0.045,0.416,0.003,0.423,0.415,DOWN
0.456,7,0.596,0.032,0.474,0.002,0.262,0.761,DOWN
0.868,3,0.021,0.029,0.273,0.002,0.288,0.57,DOWN
0.88,4,0.596,0.034,0.427,0.002,0.531,0.365,DOWN
0.018,3,0.957,0.076,0.449,0.003,0.423,0.415,DOWN
0.881,7,0.66,0.029,0.233,0.002,0.286,0.729,DOWN
0.434,4,0.957,0.045,0.433,0.003,0.423,0.415,DOWN
0.438,1,0.936,0.048,0.302,0.003,0.423,0.415,UP
0.461,6,0.766,0.034,0.59,0.002,0.496,0.252,DOWN
0.443,2,0.447,0.045,0.535,0.003,0.555,0.501,DOWN
0.022,3,0.702,0.06,0.439,0.003,0.423,0.415,DOWN
0.018,4,0.277,0.07,0.459,0.003,0.423,0.415,DOWN
0.452,3,0.106,0.033,0.213,0.002,0.372,0.747,DOWN
0.447,6,0.809,0.091,0.718,0.006,0.572,0.458,UP
0.032,4,0.511,0.075,0.475,0.003,0.423,0.415,UP
0.473,1,0.043,0.028,0.233,0.002,0.309,0.76,DOWN
0.018,1,0.681,0.081,0.516,0.003,0.423,0.415,UP
0.881,3,0.298,0.029,0.436,0.002,0.526,0.343,DOWN
0.01,5,0.596,0.042,0.485,0.003,0.423,0.415,DOWN
0.434,5,0.596,0.047,0.503,0.003,0.423,0.415,DOWN
0.023,4,0.255,0.073,0.288,0.003,0.423,0.415,DOWN
0.438,5,0.979,0.058,0.438,0.003,0.423,0.415,DOWN
0.447,5,0.085,0.034,0.324,0.002,0.354,0.463,DOWN
0.022,7,0.574,0.057,0.385,0.003,0.423,0.415,DOWN
0.881,3,0.383,0.037,0.476,0.003,0.553,0.487,UP
0.005,7,0.34,0.042,0.373,0.003,0.423,0.415,DOWN
0.43,5,0.681,0.073,0.504,0.003,0.423,0.415,UP
0.903,4,0.766,0.087,0.48,0.006,0.57,0.386,UP
0.456,4,0.617,0.033,0.567,0.003,0.608,0.373,UP
0.005,6,0.723,0.09,0.614,0.003,0.423,0.415,UP
0.439,2,0.936,0.053,0.334,0.003,0.423,0.415,DOWN
0.881,2,0.0,0.032,0.232,0.002,0.231,0.846,DOWN
0.881,5,0.34,0.029,0.484,0.002,0.534,0.299,DOWN
0.425,6,0.383,0.058,0.301,0.003,0.423,0.415,DOWN
0.911,1,0.915,0.05,0.432,0.003,0.308,0.766,DOWN
0.461,3,0.979,0.029,0.477,0.002,0.417,0.504,DOWN
0.013,1,0.277,0.042,0.608,0.003,0.423,0.415,DOWN
0.461,4,0.298,0.033,0.469,0.002,0.448,0.385,DOWN
0.009,3,0.851,0.042,0.398,0.003,0.423,0.415,DOWN
0.014,7,0.085,0.041,0.256,0.003,0.423,0.415,DOWN
0.457,3,0.787,0.041,0.641,0.003,0.633,0.574,DOWN
0.456,1,0.915,0.03,0.332,0.001,0.243,0.771,UP
0.439,7,0.064,0.046,0.15,0.003,0.423,0.415,DOWN
0.004,6,0.468,0.042,0.37,0.003,0.423,0.415,DOWN
0.425,1,1.0,0.058,0.406,0.003,0.423,0.415,DOWN
0.452,2,0.362,0.044,0.636,0.003,0.593,0.462,UP
0.443,2,0.596,0.071,0.491,0.005,0.57,0.484,DOWN
0.872,1,0.809,0.037,0.442,0.002,0.328,0.77,UP
0.898,2,0.213,0.05,0.273,0.003,0.282,0.651,DOWN
0.013,7,0.511,0.086,0.451,0.003,0.423,0.415,UP
0.426,5,0.213,0.055,0.246,0.003,0.423,0.415,DOWN
0.912,3,0.106,0.043,0.23,0.003,0.349,0.63,DOWN
0.872,7,0.191,0.027,0.222,0.002,0.238,0.794,DOWN
0.018,6,0.979,0.067,0.35,0.003,0.423,0.415,DOWN
0.881,6,0.404,0.029,0.455,0.002,0.449,0.528,DOWN
0.019,6,0.681,0.051,0.329,0.003,0.423,0.415,DOWN
0.442,5,0.894,0.053,0.428,0.004,0.398,0.501,DOWN
0.456,5,0.17,0.026,0.271,0.002,0.257,0.746,DOWN
0.898,2,0.638,0.074,0.521,0.005,0.633,0.439,UP
0.023,1,0.66,0.057,0.439,0.003,0.423,0.415,DOWN
0.027,6,0.722,0.052,0.446,0.003,0.423,0.415,DOWN
0.023,6,0.894,0.071,0.289,0.003,0.423,0.415,DOWN
0.903,5,0.064,0.083,0.375,0.004,0.451,0.554,UP
0.452,3,0.638,0.044,0.566,0.003,0.586,0.391,DOWN
0.439,2,0.426,0.057,0.522,0.003,0.423,0.415,DOWN
0.903,1,0.34,0.032,0.391,0.002,0.278,0.766,DOWN
0.443,3,0.043,0.044,0.285,0.003,0.397,0.501,DOWN
0.434,1,0.872,0.056,0.454,0.003,0.423,0.415,DOWN
0.023,2,0.809,0.086,0.457,0.003,0.423,0.415,UP
0.456,7,0.426,0.032,0.513,0.002,0.481,0.561,UP
0.457,1,0.681,0.035,0.474,0.002,0.428,0.63,UP
0.439,5,0.213,0.058,0.166,0.003,0.423,0.415,DOWN
0.474,1,0.319,0.033,0.293,0.002,0.225,0.813,DOWN
0.023,2,0.447,0.107,0.596,0.003,0.423,0.415,UP
0.014,2,0.872,0.119,0.547,0.003,0.423,0.415,UP
0.439,4,0.979,0.057,0.452,0.003,0.423,0.415,DOWN
0.022,7,0.404,0.058,0.216,0.003,0.423,0.415,DOWN
0.018,2,0.255,0.074,0.391,0.003,0.423,0.415,DOWN
0.43,3,0.617,0.099,0.548,0.003,0.423,0.415,UP
0.018,3,0.383,0.08,0.559,0.003,0.423,0.415,UP
0.023,4,0.468,0.05,0.493,0.003,0.423,0.415,DOWN
0.443,1,0.085,0.044,0.324,0.003,0.38,0.642,DOWN
0.032,7,0.936,0.069,0.317,0.003,0.423,0.415,UP
0.478,5,0.66,0.03,0.396,0.002,0.479,0.347,DOWN
0.469,2,0.851,0.029,0.354,0.002,0.282,0.591,UP
0.001,7,0.085,0.044,0.252,0.003,0.423,0.415,DOWN
0.47,5,0.277,0.043,0.517,0.003,0.547,0.241,DOWN
0.894,1,0.553,0.056,0.443,0.004,0.498,0.707,DOWN
0.434,1,0.404,0.07,0.477,0.003,0.423,0.415,UP
0.881,7,0.468,0.029,0.446,0.002,0.341,0.627,DOWN
0.465,7,0.106,0.027,0.174,0.002,0.307,0.457,DOWN
0.885,6,0.043,0.045,0.463,0.003,0.44,0.37,DOWN
0.46,5,0.426,0.036,0.554,0.002,0.546,0.539,DOWN
0.47,1,0.085,0.028,0.186,0.002,0.25,0.568,DOWN
0.473,3,0.298,0.05,0.539,0.003,0.464,0.331,DOWN
0.01,3,0.617,0.042,0.545,0.003,0.423,0.415,DOWN
0.912,7,0.064,0.045,0.295,0.003,0.379,0.627,DOWN
0.443,3,0.872,0.081,0.47,0.005,0.34,0.501,UP
0.027,4,0.66,0.09,0.451,0.003,0.423,0.415,UP
0.438,6,0.745,0.052,0.323,0.003,0.423,0.415,DOWN
0.872,3,0.468,0.029,0.626,0.002,0.614,0.505,DOWN
0.014,3,0.872,0.074,0.619,0.003,0.423,0.415,DOWN
0.439,2,0.34,0.058,0.424,0.003,0.423,0.415,UP
0.009,6,0.34,0.042,0.46,0.003,0.423,0.415,DOWN
0.004,2,0.723,0.044,0.316,0.003,0.423,0.415,DOWN
0.898,4,0.702,0.066,0.677,0.004,0.678,0.294,UP
0.01,3,0.277,0.041,0.516,0.003,0.423,0.415,DOWN
0.014,7,0.277,0.041,0.199,0.003,0.423,0.415,DOWN
0.474,2,0.043,0.029,0.267,0.002,0.292,0.739,UP
0.429,5,0.702,0.082,0.501,0.003,0.423,0.415,UP
0.443,2,0.809,0.075,0.549,0.006,0.52,0.571,UP
0.005,4,0.553,0.08,0.57,0.003,0.423,0.415,UP
0.899,1,0.957,0.064,0.456,0.004,0.367,0.566,UP
0.438,7,0.149,0.047,0.074,0.003,0.423,0.415,DOWN
0.461,3,0.723,0.037,0.527,0.003,0.523,0.553,DOWN
0.032,2,0.277,0.064,0.229,0.003,0.423,0.415,DOWN
0.425,3,0.809,0.063,0.29,0.003,0.423,0.415,DOWN
0.009,2,0.255,0.042,0.354,0.003,0.423,0.415,DOWN
0.469,6,0.255,0.023,0.303,0.002,0.287,0.668,DOWN
0.001,3,0.894,0.044,0.384,0.003,0.423,0.415,DOWN
0.023,4,0.319,0.089,0.428,0.003,0.423,0.415,DOWN
0.889,5,0.447,0.03,0.533,0.002,0.677,0.279,DOWN
0.885,7,0.532,0.039,0.324,0.003,0.291,0.622,UP
0.018,2,0.702,0.066,0.45,0.003,0.423,0.415,DOWN
0.031,6,0.298,0.056,0.206,0.003,0.423,0.415,DOWN
0.429,3,0.979,0.09,0.407,0.003,0.423,0.415,UP
0.014,5,0.809,0.086,0.557,0.003,0.423,0.415,UP
0.439,7,0.83,0.064,0.457,0.003,0.423,0.415,DOWN
0.019,5,0.213,0.047,0.299,0.003,0.423,0.415,DOWN
0.457,1,0.447,0.03,0.529,0.002,0.277,0.858,UP
0.871,6,0.66,0.028,0.34,0.001,0.278,0.857,DOWN
0.457,6,0.66,0.033,0.497,0.002,0.558,0.379,DOWN
0.912,5,0.383,0.047,0.518,0.003,0.554,0.391,DOWN
0.027,7,0.574,0.058,0.342,0.003,0.423,0.415,UP
0.027,1,0.511,0.074,0.483,0.003,0.423,0.415,DOWN
0.027,5,0.362,0.111,0.477,0.003,0.423,0.415,UP
0.013,7,1.0,0.05,0.424,0.003,0.423,0.415,DOWN
0.001,5,0.681,0.0444,0.547,0.003,0.423,0.415,DOWN
0.469,2,0.957,0.043,0.405,0.003,0.286,0.586,DOWN
0.009,5,0.809,0.045,0.634,0.003,0.423,0.415,DOWN
0.898,4,0.489,0.061,0.501,0.004,0.613,0.507,DOWN
0.872,4,0.064,0.033,0.173,0.002,0.406,0.779,DOWN
0.001,6,0.234,0.079,0.242,0.003,0.423,0.415,UP
0.031,7,0.043,0.054,0.21,0.003,0.423,0.415,DOWN
0.447,5,0.298,0.055,0.614,0.004,0.585,0.383,DOWN
0.032,7,0.043,0.057,0.123,0.003,0.423,0.415,DOWN
0.031,3,0.362,0.068,0.528,0.003,0.423,0.415,DOWN
0.026,7,0.66,0.079,0.202,0.003,0.423,0.415,UP
0.474,1,0.234,0.025,0.102,0.002,0.138,0.761,DOWN
0.894,4,0.149,0.026,0.224,0.001,0.217,0.857,DOWN
0.452,6,0.553,0.034,0.548,0.002,0.564,0.456,DOWN
0.881,6,0.894,0.035,0.355,0.002,0.349,0.794,DOWN
0.465,6,0.553,0.056,0.503,0.004,0.474,0.349,UP
0.014,6,0.468,0.047,0.517,0.003,0.423,0.415,DOWN
0.013,4,0.362,0.04,0.541,0.003,0.423,0.415,DOWN
0.023,3,0.894,0.119,0.44,0.003,0.423,0.415,UP
0.461,2,0.596,0.028,0.509,0.002,0.572,0.529,DOWN
0.898,4,0.383,0.07,0.603,0.003,0.434,0.791,DOWN
0.43,7,0.872,0.05,0.318,0.003,0.423,0.415,DOWN
0.908,6,0.404,0.044,0.493,0.003,0.536,0.398,DOWN
0.425,7,0.468,0.089,0.423,0.003,0.423,0.415,UP
0.46,2,0.277,0.031,0.436,0.002,0.362,0.395,DOWN
0.005,2,0.745,0.092,0.639,0.003,0.423,0.415,UP
0.466,7,0.277,0.04,0.285,0.003,0.206,0.591,DOWN
0.425,4,0.745,0.103,0.436,0.003,0.423,0.415,UP
0.456,1,0.574,0.024,0.37,0.002,0.271,0.652,DOWN
0.889,5,0.979,0.029,0.52,0.002,0.499,0.523,DOWN
0.88,4,0.234,0.043,0.403,0.003,0.352,0.432,DOWN
0.474,1,0.085,0.028,0.167,0.002,0.274,0.546,DOWN
0.908,2,0.596,0.049,0.436,0.003,0.529,0.378,DOWN
0.018,6,0.277,0.072,0.391,0.003,0.423,0.415,UP
0.456,4,0.277,0.034,0.476,0.002,0.526,0.549,UP
0.005,2,0.383,0.043,0.603,0.003,0.423,0.415,DOWN
0.456,4,0.511,0.033,0.569,0.002,0.552,0.464,DOWN
0.895,6,0.511,0.273,0.655,0.016,0.697,0.251,UP
0.46,1,0.298,0.023,0.202,0.002,0.189,0.665,DOWN
0.469,2,0.83,0.044,0.449,0.003,0.442,0.477,UP
0.027,2,0.745,0.079,0.488,0.003,0.423,0.415,DOWN
0.018,4,0.66,0.075,0.425,0.003,0.423,0.415,DOWN
0.872,6,0.149,0.025,0.136,0.001,0.235,0.812,DOWN
0.457,6,0.66,0.047,0.568,0.003,0.495,0.639,UP
0.009,5,0.021,0.042,0.438,0.003,0.423,0.415,DOWN
0.022,6,0.34,0.058,0.375,0.003,0.423,0.415,UP
0.447,6,0.021,0.021,0.274,0.001,0.352,0.754,DOWN
0.894,2,0.511,0.064,0.666,0.004,0.622,0.373,UP
0.443,3,0.043,0.042,0.386,0.003,0.432,0.501,DOWN
0.881,1,0.809,0.029,0.47,0.002,0.451,0.688,DOWN
0.894,6,0.383,0.085,0.611,0.006,0.557,0.496,UP
0.027,5,0.745,0.08,0.431,0.003,0.423,0.415,DOWN
0.881,4,0.745,0.032,0.297,0.002,0.255,0.744,DOWN
0.451,4,0.383,0.041,0.665,0.003,0.461,0.461,DOWN
0.018,6,0.532,0.057,0.422,0.003,0.423,0.415,DOWN
0.032,7,0.787,0.055,0.37,0.003,0.423,0.415,DOWN
0.014,7,0.447,0.041,0.364,0.003,0.423,0.415,DOWN
0.898,7,0.383,0.086,0.593,0.006,0.473,0.745,UP
0.898,3,0.809,0.081,0.638,0.004,0.48,0.791,UP
0.027,7,0.809,0.049,0.293,0.003,0.423,0.415,DOWN
0.023,2,0.872,0.083,0.453,0.003,0.423,0.415,DOWN
0.912,4,0.277,0.051,0.406,0.003,0.561,0.475,UP
0.439,4,0.213,0.046,0.194,0.003,0.423,0.415,DOWN
0.885,2,0.319,0.055,0.612,0.004,0.677,0.253,UP
0.009,5,0.511,0.044,0.595,0.003,0.423,0.415,DOWN
0.429,2,0.213,0.078,0.249,0.003,0.423,0.415,DOWN
0.434,3,0.319,0.043,0.517,0.003,0.423,0.415,DOWN
0.425,3,0.553,0.057,0.424,0.003,0.423,0.415,UP
0.881,5,0.617,0.029,0.513,0.002,0.582,0.362,DOWN
0.027,2,0.277,0.048,0.216,0.003,0.423,0.415,DOWN
0.877,1,0.468,0.041,0.453,0.003,0.283,0.629,UP
0.474,6,0.766,0.025,0.434,0.002,0.334,0.74,UP
0.47,6,0.681,0.044,0.499,0.003,0.497,0.254,DOWN
0.465,6,0.043,0.028,0.332,0.002,0.388,0.537,DOWN
0.018,2,0.447,0.048,0.564,0.003,0.423,0.415,DOWN
0.009,6,0.021,0.056,0.287,0.003,0.423,0.415,DOWN
0.004,7,0.064,0.044,0.216,0.003,0.423,0.415,DOWN
0.001,7,0.936,0.044,0.492,0.003,0.423,0.415,DOWN
0.474,6,0.638,0.07,0.521,0.005,0.533,0.398,UP
0.457,7,0.043,0.027,0.221,0.002,0.33,0.681,DOWN
0.911,2,0.787,0.051,0.473,0.003,0.346,0.797,UP
0.027,7,0.872,0.048,0.261,0.003,0.423,0.415,DOWN
0.439,3,0.298,0.056,0.497,0.003,0.423,0.415,DOWN
0.894,7,0.681,0.03,0.436,0.002,0.413,0.684,DOWN
0.013,2,0.596,0.042,0.555,0.003,0.423,0.415,DOWN
0.023,6,0.574,0.071,0.261,0.003,0.423,0.415,DOWN
0.895,6,0.574,0.081,0.499,0.005,0.627,0.497,UP
0.461,7,0.383,0.066,0.555,0.004,0.537,0.386,UP
0.438,5,0.255,0.057,0.214,0.003,0.423,0.415,DOWN
0.018,3,0.787,0.075,0.504,0.003,0.423,0.415,DOWN
0.456,4,0.298,0.043,0.52,0.003,0.552,0.459,DOWN
0.895,4,0.468,0.055,0.616,0.003,0.482,0.835,UP
0.022,5,0.532,0.058,0.345,0.003,0.423,0.415,DOWN
0.438,6,0.234,0.056,0.181,0.003,0.423,0.415,DOWN
0.461,6,0.255,0.031,0.372,0.002,0.405,0.485,DOWN
0.899,5,0.342,0.08,0.805,0.005,0.797,0.433,UP
0.032,7,0.574,0.068,0.338,0.003,0.423,0.415,UP
0.018,5,0.66,0.07,0.485,0.003,0.423,0.415,DOWN
0.443,2,0.468,0.044,0.557,0.003,0.502,0.479,DOWN
0.461,2,0.957,0.029,0.383,0.002,0.296,0.607,DOWN
0.014,1,0.702,0.047,0.498,0.003,0.423,0.415,DOWN
0.434,3,0.894,0.047,0.446,0.003,0.423,0.415,DOWN
0.014,7,0.191,0.041,0.077,0.003,0.423,0.415,DOWN
0.469,5,0.085,0.027,0.295,0.002,0.299,0.661,DOWN
0.894,4,0.745,0.078,0.744,0.005,0.758,0.382,UP
0.456,1,1.0,0.046,0.494,0.003,0.432,0.657,UP
0.89,2,0.128,0.081,0.299,0.004,0.467,0.656,DOWN
0.026,5,0.574,0.073,0.498,0.003,0.423,0.415,DOWN
0.47,7,0.426,0.029,0.387,0.002,0.364,0.724,DOWN
0.023,3,0.298,0.106,0.386,0.003,0.423,0.415,UP
0.001,4,0.234,0.0444,0.194,0.003,0.423,0.415,DOWN
0.023,1,0.894,0.061,0.368,0.003,0.423,0.415,DOWN
0.438,3,0.319,0.05,0.443,0.003,0.423,0.415,DOWN
0.889,7,0.617,0.033,0.338,0.002,0.284,0.661,DOWN
0.027,6,0.298,0.098,0.406,0.003,0.423,0.415,UP
0.474,1,0.128,0.023,0.058,0.001,0.158,0.808,DOWN
0.426,1,0.979,0.058,0.338,0.003,0.423,0.415,DOWN
0.898,5,0.362,0.085,0.553,0.006,0.584,0.43,UP
0.023,6,0.34,0.073,0.418,0.003,0.423,0.415,UP
0.023,1,0.064,0.057,0.153,0.003,0.423,0.415,DOWN
0.426,6,0.468,0.08,0.388,0.003,0.423,0.415,UP
0.022,7,0.532,0.046,0.203,0.003,0.423,0.415,UP
0.872,1,0.149,0.027,0.144,0.002,0.182,0.838,DOWN
0.881,1,0.404,0.031,0.33,0.002,0.207,0.846,DOWN
0.903,1,0.191,0.025,0.063,0.002,0.111,0.779,DOWN
0.027,3,0.745,0.05,0.551,0.003,0.423,0.415,DOWN
0.022,6,0.638,0.075,0.378,0.003,0.423,0.415,UP
0.026,1,0.426,0.075,0.431,0.003,0.423,0.415,UP
0.425,1,0.851,0.057,0.387,0.003,0.423,0.415,DOWN
0.474,1,0.574,0.034,0.212,0.002,0.129,0.521,DOWN
0.465,7,0.745,0.029,0.461,0.002,0.384,0.412,DOWN
0.447,7,0.979,0.018,0.42,0.0011,0.283,0.766,DOWN
0.026,4,0.383,0.09,0.438,0.003,0.423,0.415,UP
0.023,5,0.574,0.079,0.479,0.003,0.423,0.415,DOWN
0.88,4,0.085,0.026,0.198,0.002,0.287,0.625,DOWN
0.005,4,0.043,0.076,0.391,0.003,0.423,0.415,DOWN
0.881,5,0.681,0.027,0.493,0.002,0.349,0.774,DOWN
0.005,4,0.681,0.075,0.514,0.003,0.423,0.415,UP
0.447,4,0.511,0.055,0.596,0.004,0.598,0.391,DOWN
0.434,7,0.936,0.047,0.322,0.003,0.423,0.415,DOWN
0.447,7,0.766,0.059,0.618,0.004,0.34,0.526,UP
0.023,6,0.766,0.071,0.23,0.003,0.423,0.415,UP
0.912,5,0.043,0.043,0.269,0.003,0.453,0.337,DOWN
0.018,6,0.723,0.076,0.435,0.003,0.423,0.415,DOWN
0.031,2,0.277,0.077,0.421,0.003,0.423,0.415,DOWN
0.018,2,0.979,0.058,0.478,0.003,0.423,0.415,DOWN
0.426,6,0.596,0.058,0.323,0.003,0.423,0.415,DOWN
0.447,4,0.277,0.035,0.527,0.002,0.508,0.516,DOWN
0.435,1,0.915,0.044,0.299,0.003,0.423,0.415,DOWN
0.032,5,0.787,0.088,0.464,0.003,0.423,0.415,UP
0.438,6,0.085,0.044,0.214,0.003,0.423,0.415,DOWN
0.872,7,0.277,0.03,0.356,0.002,0.248,0.903,DOWN
0.47,7,0.149,0.03,0.141,0.002,0.209,0.864,DOWN
0.894,3,0.213,0.062,0.264,0.004,0.349,0.71,DOWN
0.903,4,0.085,0.043,0.276,0.003,0.361,0.563,DOWN
0.009,2,0.851,0.042,0.583,0.003,0.423,0.415,DOWN
0.013,4,0.191,0.041,0.206,0.003,0.423,0.415,DOWN
0.032,1,0.383,0.055,0.262,0.003,0.423,0.415,DOWN
0.014,6,0.723,0.056,0.574,0.003,0.423,0.415,DOWN
0.456,7,0.617,0.058,0.339,0.004,0.316,0.694,UP
0.469,1,0.234,0.028,0.108,0.002,0.168,0.572,DOWN
0.885,7,0.617,0.035,0.311,0.002,0.295,0.777,DOWN
0.903,6,0.021,0.075,0.408,0.005,0.401,0.476,DOWN
0.434,1,0.043,0.048,0.22,0.003,0.423,0.415,DOWN
0.018,5,0.957,0.048,0.414,0.003,0.423,0.415,DOWN
0.89,1,0.298,0.031,0.478,0.002,0.368,0.621,DOWN
0.013,1,0.894,0.041,0.263,0.003,0.423,0.415,DOWN
0.425,7,0.149,0.067,0.088,0.003,0.423,0.415,DOWN
0.868,2,0.277,0.038,0.395,0.002,0.363,0.709,DOWN
0.868,4,0.277,0.037,0.472,0.003,0.52,0.556,DOWN
0.018,6,0.34,0.043,0.372,0.003,0.423,0.415,DOWN
0.023,4,0.532,0.078,0.472,0.003,0.423,0.415,DOWN
0.911,7,0.021,0.043,0.266,0.003,0.234,0.479,DOWN
0.001,2,0.66,0.044,0.46,0.003,0.423,0.415,DOWN
0.447,3,0.702,0.043,0.519,0.003,0.554,0.396,DOWN
0.43,3,0.383,0.085,0.558,0.003,0.423,0.415,DOWN
0.425,5,0.915,0.079,0.37,0.003,0.423,0.415,DOWN
0.023,7,0.362,0.081,0.368,0.003,0.423,0.415,UP
0.439,6,0.149,0.04,0.129,0.003,0.423,0.415,DOWN
0.022,2,0.34,0.107,0.564,0.003,0.423,0.415,UP
0.439,3,0.809,0.057,0.534,0.003,0.423,0.415,DOWN
0.873,4,0.298,0.028,0.375,0.002,0.268,0.834,DOWN
0.885,2,0.936,0.034,0.421,0.002,0.327,0.694,DOWN
0.018,3,0.894,0.046,0.354,0.003,0.423,0.415,DOWN
0.876,3,0.447,0.032,0.55,0.002,0.335,0.793,UP
0.456,6,0.128,0.025,0.255,0.002,0.327,0.788,DOWN
0.474,5,0.277,0.031,0.299,0.002,0.234,0.654,UP
0.005,6,0.149,0.043,0.135,0.003,0.423,0.415,DOWN
0.868,7,0.809,0.029,0.41,0.002,0.349,0.786,DOWN
0.452,5,0.319,0.034,0.553,0.002,0.558,0.394,DOWN
0.005,7,0.979,0.089,0.458,0.003,0.423,0.415,UP
0.438,4,0.255,0.063,0.422,0.003,0.423,0.415,UP
0.465,7,0.362,0.028,0.299,0.002,0.209,0.565,DOWN
0.434,7,0.596,0.048,0.257,0.003,0.423,0.415,DOWN
0.022,5,0.532,0.057,0.427,0.003,0.423,0.415,DOWN
0.032,7,0.213,0.058,0.047,0.003,0.423,0.415,DOWN
0.434,3,0.17,0.047,0.154,0.003,0.423,0.415,DOWN
0.027,4,0.83,0.054,0.459,0.003,0.423,0.415,DOWN
0.439,7,0.043,0.048,0.227,0.003,0.423,0.415,DOWN
0.438,1,0.787,0.063,0.483,0.003,0.423,0.415,DOWN
0.032,6,0.319,0.058,0.205,0.003,0.423,0.415,DOWN
0.889,7,0.362,0.029,0.507,0.002,0.347,0.691,DOWN
0.023,4,0.617,0.09,0.405,0.003,0.423,0.415,UP
0.01,5,0.915,0.042,0.521,0.003,0.423,0.415,DOWN
0.469,4,0.043,0.048,0.434,0.003,0.452,0.549,DOWN
0.026,3,0.404,0.074,0.446,0.003,0.423,0.415,UP
0.452,5,0.255,0.033,0.334,0.002,0.328,0.736,DOWN
0.439,3,1.0,0.055,0.508,0.003,0.423,0.415,DOWN
0.872,4,0.894,0.03,0.279,0.002,0.323,0.737,DOWN
0.031,6,0.064,0.053,0.272,0.003,0.423,0.415,DOWN
0.443,5,0.638,0.054,0.535,0.004,0.522,0.369,DOWN
0.032,6,0.553,0.058,0.262,0.003,0.423,0.415,DOWN
0.004,7,0.83,0.044,0.345,0.003,0.423,0.415,DOWN
0.443,7,0.362,0.057,0.376,0.003,0.257,0.501,DOWN
0.022,1,0.596,0.057,0.467,0.003,0.423,0.415,DOWN
0.014,5,0.957,0.041,0.574,0.003,0.423,0.415,DOWN
0.014,3,0.426,0.041,0.578,0.003,0.423,0.415,DOWN
0.889,6,0.149,0.025,0.126,0.002,0.211,0.589,DOWN
0.027,6,0.936,0.046,0.268,0.003,0.423,0.415,DOWN
0.009,6,0.723,0.042,0.519,0.003,0.423,0.415,DOWN
0.456,6,0.362,0.035,0.604,0.002,0.562,0.456,UP
0.429,6,0.979,0.075,0.373,0.003,0.423,0.415,UP
0.881,5,0.234,0.029,0.231,0.001,0.282,0.777,UP
0.434,1,0.191,0.05,0.148,0.003,0.423,0.415,DOWN
0.001,1,0.447,0.044,0.51,0.003,0.423,0.415,DOWN
0.439,5,0.851,0.075,0.406,0.003,0.423,0.415,UP
0.018,6,0.468,0.041,0.342,0.003,0.423,0.415,DOWN
0.469,4,0.894,0.028,0.425,0.002,0.297,0.599,DOWN
0.004,5,0.362,0.046,0.521,0.003,0.423,0.415,DOWN
0.425,5,0.468,0.058,0.376,0.003,0.423,0.415,DOWN
0.001,1,0.766,0.119,0.47,0.003,0.423,0.415,UP
0.469,4,0.021,0.027,0.329,0.002,0.234,0.625,DOWN
0.019,5,0.596,0.065,0.497,0.003,0.423,0.415,DOWN
0.014,7,0.447,0.076,0.38,0.003,0.423,0.415,UP
0.461,2,0.255,0.029,0.287,0.002,0.202,0.557,DOWN
0.032,7,0.213,0.066,0.171,0.003,0.423,0.415,UP
0.429,5,0.532,0.086,0.494,0.003,0.423,0.415,UP
0.005,4,0.617,0.082,0.573,0.003,0.423,0.415,UP
0.01,6,0.383,0.042,0.504,0.003,0.423,0.415,DOWN
0.023,2,0.362,0.058,0.455,0.003,0.423,0.415,UP
0.912,5,0.043,0.043,0.347,0.003,0.425,0.503,DOWN
0.443,7,0.681,0.074,0.298,0.005,0.235,0.472,UP
0.912,4,0.043,0.044,0.341,0.003,0.402,0.556,DOWN
0.014,5,0.106,0.041,0.333,0.003,0.423,0.415,DOWN
0.881,6,0.106,0.028,0.128,0.002,0.285,0.746,DOWN
0.429,2,0.787,0.058,0.468,0.003,0.423,0.415,DOWN
0.005,6,0.787,0.042,0.537,0.003,0.423,0.415,DOWN
0.001,1,0.766,0.044,0.476,0.003,0.423,0.415,DOWN
0.434,4,0.234,0.068,0.289,0.003,0.423,0.415,UP
0.027,4,0.66,0.075,0.488,0.003,0.423,0.415,DOWN
0.027,2,0.362,0.114,0.558,0.003,0.423,0.415,UP
0.912,4,0.489,0.085,0.508,0.006,0.505,0.326,DOWN
0.474,3,0.085,0.021,0.167,0.001,0.231,0.702,DOWN
0.001,2,0.979,0.044,0.483,0.003,0.423,0.415,DOWN
0.434,3,0.532,0.064,0.441,0.003,0.423,0.415,UP
0.022,5,0.106,0.044,0.166,0.003,0.423,0.415,DOWN
0.005,7,0.064,0.044,0.374,0.003,0.423,0.415,DOWN
0.022,3,0.383,0.06,0.542,0.003,0.423,0.415,DOWN
0.027,1,0.447,0.081,0.432,0.003,0.423,0.415,UP
0.031,7,0.277,0.075,0.253,0.003,0.423,0.415,UP
0.452,4,0.553,0.039,0.586,0.003,0.616,0.442,UP
0.872,4,0.681,0.028,0.549,0.002,0.553,0.703,DOWN
0.009,4,0.832,0.09,0.706,0.003,0.423,0.415,UP
0.014,4,0.213,0.041,0.187,0.003,0.423,0.415,DOWN
0.456,4,0.447,0.035,0.592,0.002,0.626,0.461,UP
0.908,6,0.596,0.044,0.49,0.003,0.53,0.286,DOWN
0.018,4,0.043,0.044,0.292,0.003,0.423,0.415,DOWN
0.889,4,0.34,0.03,0.54,0.002,0.599,0.225,DOWN
0.014,6,0.745,0.041,0.599,0.003,0.423,0.415,DOWN
0.885,1,0.064,0.03,0.349,0.002,0.356,0.606,DOWN
0.027,7,0.043,0.049,0.152,0.003,0.423,0.415,DOWN
0.426,7,0.894,0.07,0.307,0.003,0.423,0.415,UP
0.908,7,0.851,0.059,0.376,0.004,0.388,0.641,DOWN
0.018,2,0.34,0.047,0.533,0.003,0.423,0.415,DOWN
0.031,3,0.851,0.06,0.412,0.003,0.423,0.415,DOWN
0.867,5,0.085,0.021,0.152,0.001,0.289,0.761,DOWN
0.031,2,0.426,0.087,0.564,0.003,0.423,0.415,UP
0.018,5,0.787,0.082,0.456,0.003,0.423,0.415,DOWN
0.026,7,0.851,0.048,0.339,0.003,0.423,0.415,DOWN
0.018,1,0.085,0.041,0.163,0.003,0.423,0.415,DOWN
0.013,1,0.979,0.042,0.532,0.003,0.423,0.415,DOWN
0.872,4,0.511,0.033,0.467,0.002,0.589,0.642,UP
0.018,3,0.021,0.075,0.312,0.003,0.423,0.415,UP
0.013,1,0.596,0.041,0.499,0.003,0.423,0.415,DOWN
0.903,4,0.404,0.089,0.574,0.006,0.493,0.537,UP
0.461,4,0.468,0.054,0.57,0.004,0.522,0.269,UP
0.022,7,0.021,0.046,0.242,0.003,0.423,0.415,DOWN
0.886,3,0.362,0.036,0.599,0.003,0.632,0.436,UP
0.461,7,0.149,0.029,0.118,0.002,0.177,0.711,DOWN
0.46,4,0.872,0.03,0.47,0.002,0.426,0.509,DOWN
0.022,2,0.638,0.058,0.453,0.003,0.423,0.415,DOWN
0.461,7,0.872,0.029,0.335,0.001,0.283,0.772,UP
0.868,3,0.447,0.035,0.529,0.002,0.358,0.825,DOWN
0.023,6,0.894,0.048,0.298,0.003,0.423,0.415,DOWN
0.469,7,0.362,0.039,0.445,0.003,0.319,0.511,DOWN
0.872,4,0.872,0.031,0.517,0.002,0.527,0.572,DOWN
0.429,6,0.447,0.078,0.356,0.003,0.423,0.415,UP
0.876,4,0.723,0.032,0.537,0.002,0.582,0.526,UP
0.014,3,0.426,0.041,0.509,0.003,0.423,0.415,DOWN
0.438,7,0.213,0.047,0.12,0.003,0.423,0.415,DOWN
0.912,6,0.681,0.044,0.386,0.003,0.298,0.658,DOWN
0.894,6,0.638,0.084,0.602,0.006,0.639,0.367,UP
0.018,4,0.468,0.079,0.471,0.003,0.423,0.415,UP
0.434,7,0.702,0.042,0.248,0.003,0.423,0.415,DOWN
0.452,6,0.723,0.048,0.634,0.003,0.597,0.293,UP
0.014,4,0.979,0.041,0.519,0.003,0.423,0.415,DOWN
0.004,2,0.447,0.045,0.578,0.003,0.423,0.415,DOWN
0.912,5,0.702,0.044,0.506,0.003,0.533,0.451,DOWN
0.017,7,0.681,0.065,0.452,0.003,0.423,0.415,DOWN
0.014,6,0.596,0.041,0.488,0.003,0.423,0.415,DOWN
0.894,3,0.106,0.072,0.211,0.005,0.366,0.768,DOWN
0.885,2,0.511,0.035,0.669,0.002,0.63,0.369,DOWN
0.023,5,0.149,0.06,0.119,0.003,0.423,0.415,DOWN
0.47,4,1.0,0.039,0.642,0.003,0.541,0.397,DOWN
0.899,5,0.66,0.054,0.567,0.004,0.687,0.478,DOWN
0.464,3,0.043,0.029,0.273,0.002,0.333,0.342,DOWN
0.018,4,0.191,0.047,0.156,0.003,0.423,0.415,DOWN
0.014,7,0.617,0.041,0.285,0.003,0.423,0.415,DOWN
0.425,6,0.149,0.055,0.133,0.003,0.423,0.415,DOWN
0.023,5,0.66,0.085,0.454,0.003,0.423,0.415,DOWN
0.456,7,0.66,0.033,0.401,0.002,0.292,0.728,DOWN
0.023,5,0.702,0.085,0.454,0.003,0.423,0.415,DOWN
0.032,6,0.532,0.055,0.309,0.003,0.423,0.415,DOWN
0.013,5,0.596,0.056,0.514,0.003,0.423,0.415,UP
0.018,3,0.383,0.078,0.538,0.003,0.423,0.415,UP
0.022,7,0.319,0.067,0.213,0.003,0.423,0.415,UP
0.894,6,0.936,0.085,0.62,0.006,0.573,0.544,UP
0.912,6,0.191,0.04,0.152,0.003,0.286,0.593,DOWN
0.004,7,0.787,0.045,0.277,0.003,0.423,0.415,DOWN
0.43,6,0.362,0.082,0.497,0.003,0.423,0.415,UP
0.022,3,0.149,0.046,0.152,0.003,0.423,0.415,DOWN
0.456,3,0.362,0.031,0.545,0.002,0.562,0.518,DOWN
0.474,4,0.936,0.028,0.405,0.002,0.297,0.57,DOWN
0.018,1,0.17,0.062,0.14,0.003,0.423,0.415,DOWN
0.474,1,0.255,0.025,0.291,0.002,0.147,0.724,DOWN
0.426,5,0.298,0.053,0.465,0.003,0.423,0.415,DOWN
0.907,6,0.809,0.076,0.496,0.003,0.525,0.361,UP
0.881,5,0.553,0.029,0.528,0.002,0.549,0.444,DOWN
0.022,4,0.532,0.057,0.451,0.003,0.423,0.415,DOWN
0.456,5,0.596,0.057,0.623,0.004,0.604,0.392,UP
0.022,3,0.532,0.071,0.47,0.003,0.423,0.415,UP
0.424,3,0.553,0.056,0.356,0.003,0.423,0.415,DOWN
0.912,5,0.915,0.045,0.439,0.003,0.354,0.625,DOWN
0.027,6,0.596,0.048,0.391,0.003,0.423,0.415,DOWN
0.425,4,0.319,0.073,0.482,0.003,0.423,0.415,DOWN
0.898,7,0.319,0.061,0.45,0.003,0.323,0.729,DOWN
0.014,2,0.426,0.076,0.609,0.003,0.423,0.415,UP
0.452,3,0.383,0.065,0.741,0.004,0.571,0.652,DOWN
0.429,5,0.66,0.078,0.482,0.003,0.423,0.415,UP
0.023,2,0.34,0.106,0.489,0.003,0.423,0.415,DOWN
0.018,4,1.0,0.046,0.415,0.003,0.423,0.415,DOWN
0.425,3,0.213,0.089,0.254,0.003,0.423,0.415,UP
0.014,5,0.745,0.041,0.675,0.003,0.423,0.415,DOWN
0.868,7,0.851,0.035,0.417,0.002,0.352,0.824,UP
0.009,2,0.596,0.042,0.517,0.003,0.423,0.415,DOWN
0.456,5,0.298,0.035,0.477,0.002,0.507,0.579,DOWN
0.438,5,0.255,0.05,0.397,0.003,0.423,0.415,UP
0.46,1,0.851,0.028,0.339,0.002,0.287,0.625,DOWN
0.001,1,0.064,0.044,0.241,0.003,0.423,0.415,DOWN
0.448,4,0.766,0.064,0.726,0.004,0.639,0.354,DOWN
0.018,6,0.17,0.041,0.178,0.003,0.423,0.415,DOWN
0.456,3,0.511,0.045,0.534,0.003,0.605,0.479,DOWN
0.027,4,0.043,0.085,0.343,0.003,0.423,0.415,UP
0.868,2,0.255,0.035,0.371,0.002,0.378,0.644,DOWN
0.876,4,0.17,0.021,0.237,0.001,0.363,0.772,DOWN
0.434,6,0.979,0.044,0.258,0.003,0.423,0.415,DOWN
0.886,4,0.426,0.049,0.642,0.003,0.542,0.379,DOWN
0.443,1,0.234,0.044,0.238,0.003,0.184,0.607,DOWN
0.425,5,0.723,0.082,0.366,0.003,0.423,0.415,UP
0.425,4,0.83,0.058,0.447,0.003,0.423,0.415,DOWN
0.001,4,0.681,0.044,0.561,0.003,0.423,0.415,DOWN
0.438,6,0.191,0.047,0.09,0.003,0.423,0.415,DOWN
0.004,4,0.66,0.044,0.505,0.003,0.423,0.415,DOWN
0.473,5,0.17,0.029,0.183,0.002,0.184,0.73,DOWN
0.46,3,0.043,0.041,0.306,0.003,0.333,0.487,DOWN
0.425,6,0.681,0.075,0.261,0.003,0.423,0.415,DOWN
0.004,5,0.064,0.044,0.302,0.003,0.423,0.415,DOWN
0.434,7,0.979,0.048,0.261,0.003,0.423,0.415,DOWN
0.912,3,0.149,0.043,0.169,0.003,0.283,0.647,DOWN
0.898,1,0.213,0.041,0.202,0.002,0.334,0.758,DOWN
0.005,6,0.489,0.075,0.715,0.003,0.423,0.415,UP
0.434,1,0.574,0.065,0.507,0.003,0.423,0.415,UP
0.448,3,0.149,0.026,0.22,0.001,0.305,0.598,DOWN
0.464,7,0.979,0.03,0.345,0.002,0.366,0.495,UP
0.457,5,0.745,0.036,0.539,0.002,0.499,0.58,DOWN
0.425,6,0.894,0.089,0.298,0.003,0.423,0.415,UP
0.448,3,0.872,0.044,0.607,0.003,0.514,0.59,DOWN
0.867,6,0.404,0.029,0.564,0.002,0.539,0.574,DOWN
0.434,2,0.936,0.061,0.425,0.003,0.423,0.415,UP
0.456,6,1.0,0.039,0.486,0.003,0.427,0.542,DOWN
0.447,5,0.191,0.042,0.231,0.003,0.28,0.533,DOWN
0.474,5,0.404,0.03,0.611,0.002,0.533,0.529,DOWN
0.442,7,0.936,0.055,0.308,0.003,0.423,0.415,DOWN
0.868,5,0.809,0.029,0.422,0.002,0.371,0.767,DOWN
0.443,4,0.191,0.035,0.16,0.002,0.157,0.697,DOWN
0.031,1,0.489,0.059,0.503,0.003,0.423,0.415,DOWN
0.009,7,0.319,0.08,0.337,0.003,0.423,0.415,UP
0.425,6,0.149,0.055,0.151,0.003,0.423,0.415,DOWN
0.461,2,0.532,0.036,0.454,0.002,0.558,0.189,DOWN
0.009,5,0.149,0.045,0.267,0.003,0.423,0.415,DOWN
0.032,7,0.021,0.055,0.231,0.003,0.423,0.415,DOWN
0.434,4,0.426,0.069,0.532,0.003,0.423,0.415,DOWN
0.456,4,0.34,0.092,0.51,0.006,0.596,0.482,UP
0.474,5,0.085,0.023,0.171,0.002,0.193,0.817,DOWN
0.447,6,0.064,0.026,0.234,0.002,0.354,0.761,DOWN
0.014,5,0.085,0.047,0.355,0.003,0.423,0.415,DOWN
0.001,7,0.234,0.075,0.092,0.003,0.423,0.415,DOWN
0.895,2,0.851,0.076,0.793,0.005,0.603,0.735,DOWN
0.474,1,0.809,0.029,0.581,0.002,0.426,0.591,UP
0.456,4,0.043,0.033,0.349,0.002,0.394,0.675,DOWN
0.027,4,0.979,0.075,0.425,0.003,0.423,0.415,UP
0.438,6,0.362,0.068,0.456,0.003,0.423,0.415,UP
0.01,5,0.021,0.041,0.462,0.003,0.423,0.415,DOWN
0.032,6,0.191,0.055,0.085,0.003,0.423,0.415,DOWN
0.465,7,0.085,0.027,0.177,0.002,0.202,0.364,DOWN
0.868,1,0.404,0.027,0.603,0.002,0.284,0.776,UP
0.443,2,0.638,0.076,0.564,0.005,0.509,0.493,UP
0.469,5,0.936,0.047,0.447,0.003,0.392,0.48,DOWN
0.443,3,0.809,0.078,0.531,0.005,0.526,0.495,UP
0.885,7,0.681,0.042,0.337,0.003,0.307,0.577,UP
0.014,5,0.468,0.041,0.523,0.003,0.423,0.415,DOWN
0.456,4,0.894,0.04,0.651,0.003,0.478,0.541,DOWN
0.001,6,0.702,0.044,0.416,0.003,0.423,0.415,DOWN
0.023,6,0.447,0.103,0.499,0.003,0.423,0.415,UP
0.474,2,0.447,0.028,0.499,0.002,0.387,0.729,DOWN
0.469,7,0.83,0.031,0.357,0.002,0.291,0.649,UP
0.439,2,0.064,0.056,0.352,0.003,0.423,0.415,DOWN
0.447,3,0.851,0.047,0.48,0.003,0.491,0.488,UP
0.894,7,0.064,0.031,0.264,0.002,0.37,0.61,DOWN
0.885,7,0.404,0.035,0.497,0.002,0.348,0.82,UP
0.005,7,0.723,0.09,0.551,0.003,0.423,0.415,UP
0.894,3,0.745,0.085,0.608,0.005,0.694,0.579,DOWN
0.426,4,0.553,0.076,0.498,0.003,0.423,0.415,UP
0.881,5,0.489,0.03,0.503,0.002,0.557,0.527,DOWN
0.005,6,0.809,0.081,0.583,0.003,0.423,0.415,UP
0.461,2,0.809,0.043,0.433,0.003,0.352,0.286,UP
0.438,4,0.489,0.067,0.516,0.003,0.423,0.415,DOWN
0.026,3,0.574,0.08,0.488,0.003,0.423,0.415,UP
0.457,6,0.66,0.033,0.553,0.002,0.459,0.629,DOWN
0.018,5,0.043,0.052,0.416,0.003,0.423,0.415,DOWN
0.457,6,0.468,0.039,0.61,0.003,0.469,0.612,DOWN
0.894,1,0.894,0.046,0.36,0.003,0.367,0.702,DOWN
0.872,6,0.638,0.037,0.748,0.003,0.658,0.571,DOWN
0.474,2,0.83,0.028,0.415,0.002,0.362,0.499,DOWN
0.873,6,0.17,0.021,0.141,0.001,0.182,0.879,DOWN
0.004,6,0.277,0.043,0.235,0.003,0.423,0.415,DOWN
0.438,4,0.574,0.049,0.516,0.003,0.423,0.415,DOWN
0.031,3,0.17,0.078,0.22,0.003,0.423,0.415,DOWN
0.911,3,0.83,0.031,0.591,0.002,0.528,0.355,DOWN
0.018,3,0.745,0.09,0.632,0.003,0.423,0.415,UP
0.47,4,0.404,0.028,0.51,0.002,0.579,0.519,UP
0.425,2,0.638,0.075,0.297,0.003,0.423,0.415,UP
0.01,3,0.511,0.042,0.559,0.003,0.423,0.415,DOWN
0.429,6,0.383,0.085,0.521,0.003,0.423,0.415,UP
0.881,3,0.489,0.031,0.575,0.002,0.579,0.419,DOWN
0.456,4,0.404,0.036,0.578,0.002,0.555,0.493,DOWN
0.009,3,0.426,0.042,0.655,0.003,0.423,0.415,DOWN
0.452,7,0.851,0.033,0.508,0.002,0.38,0.698,UP
0.005,1,0.872,0.044,0.489,0.003,0.423,0.415,DOWN
0.014,3,0.021,0.044,0.481,0.003,0.423,0.415,DOWN
0.023,7,0.064,0.064,0.106,0.003,0.423,0.415,DOWN
0.009,7,0.894,0.071,0.295,0.003,0.423,0.415,UP
0.018,4,0.128,0.043,0.167,0.003,0.423,0.415,DOWN
0.429,3,0.489,0.081,0.509,0.003,0.423,0.415,DOWN
0.903,6,0.191,0.029,0.177,0.002,0.216,0.761,DOWN
0.435,5,0.681,0.048,0.241,0.003,0.423,0.415,DOWN
0.43,5,0.915,0.041,0.366,0.003,0.423,0.415,DOWN
0.425,5,0.043,0.092,0.277,0.003,0.423,0.415,UP
0.885,6,0.702,0.028,0.431,0.002,0.364,0.754,DOWN
0.023,7,0.745,0.086,0.374,0.003,0.423,0.415,UP
0.022,7,0.851,0.072,0.407,0.003,0.423,0.415,UP
0.461,5,0.191,0.027,0.154,0.002,0.245,0.534,DOWN
0.457,6,0.213,0.024,0.299,0.001,0.329,0.662,DOWN
0.452,5,0.787,0.041,0.684,0.003,0.536,0.563,DOWN
0.443,6,0.362,0.041,0.374,0.003,0.193,0.75,DOWN
0.01,5,0.872,0.042,0.597,0.003,0.423,0.415,DOWN
0.908,2,0.277,0.049,0.349,0.003,0.376,0.467,DOWN
0.451,6,0.681,0.046,0.561,0.003,0.504,0.501,UP
0.022,6,0.383,0.07,0.412,0.003,0.423,0.415,DOWN
0.908,4,0.021,0.058,0.412,0.004,0.416,0.542,DOWN
0.005,3,0.17,0.046,0.16,0.003,0.423,0.415,DOWN
0.023,5,0.298,0.09,0.41,0.003,0.423,0.415,UP
0.018,4,0.894,0.064,0.434,0.003,0.423,0.415,DOWN
0.456,5,0.043,0.058,0.503,0.004,0.507,0.586,DOWN
0.023,4,0.915,0.091,0.431,0.003,0.423,0.415,DOWN
0.429,6,0.34,0.057,0.321,0.003,0.423,0.415,DOWN
0.872,1,0.872,0.041,0.391,0.002,0.314,0.813,DOWN
0.018,7,0.298,0.057,0.137,0.003,0.423,0.415,DOWN
0.898,7,0.106,0.071,0.221,0.003,0.354,0.687,DOWN
0.439,6,0.128,0.044,0.135,0.003,0.423,0.415,DOWN
0.456,2,0.255,0.031,0.457,0.002,0.288,0.66,DOWN
0.881,3,0.809,0.029,0.377,0.002,0.353,0.727,UP
0.009,4,0.149,0.042,0.198,0.003,0.423,0.415,DOWN
0.027,3,0.234,0.074,0.333,0.003,0.423,0.415,UP
0.912,3,0.298,0.045,0.418,0.003,0.58,0.371,DOWN
0.425,7,0.83,0.084,0.474,0.003,0.423,0.415,UP
0.434,2,0.021,0.043,0.289,0.003,0.423,0.415,DOWN
0.456,4,0.83,0.034,0.578,0.002,0.518,0.581,DOWN
0.868,6,0.043,0.029,0.193,0.002,0.261,0.767,UP
0.448,3,0.404,0.043,0.703,0.003,0.608,0.262,UP
0.031,6,0.809,0.065,0.325,0.003,0.423,0.415,DOWN
0.474,3,0.085,0.021,0.149,0.001,0.239,0.672,DOWN
0.469,4,0.043,0.031,0.214,0.002,0.229,0.571,DOWN
0.001,1,0.787,0.0444,0.596,0.003,0.423,0.415,DOWN
0.903,6,0.702,0.087,0.54,0.006,0.649,0.289,UP
0.456,4,0.043,0.031,0.344,0.002,0.438,0.672,DOWN
0.89,4,0.362,0.03,0.55,0.002,0.556,0.306,DOWN
0.018,5,0.404,0.043,0.482,0.003,0.423,0.415,DOWN
0.46,5,0.34,0.053,0.57,0.004,0.528,0.458,UP
0.443,6,0.702,0.04,0.501,0.003,0.503,0.501,DOWN
0.43,6,0.191,0.041,0.121,0.003,0.423,0.415,DOWN
0.023,7,0.447,0.054,0.31,0.003,0.423,0.415,UP
0.013,2,0.255,0.042,0.356,0.003,0.423,0.415,DOWN
0.018,2,0.872,0.069,0.397,0.003,0.423,0.415,DOWN
0.452,3,0.319,0.048,0.523,0.003,0.555,0.304,UP
0.004,4,0.021,0.044,0.396,0.003,0.423,0.415,DOWN
0.439,7,0.34,0.055,0.252,0.003,0.423,0.415,DOWN
0.425,1,0.766,0.077,0.519,0.003,0.423,0.415,UP
0.004,7,0.383,0.044,0.335,0.003,0.423,0.415,DOWN
0.027,4,0.809,0.075,0.371,0.003,0.423,0.415,DOWN
0.018,2,0.979,0.07,0.452,0.003,0.423,0.415,UP
0.014,7,0.957,0.041,0.366,0.003,0.423,0.415,DOWN
0.442,4,0.638,0.056,0.509,0.004,0.593,0.375,UP
0.018,5,0.681,0.046,0.456,0.003,0.423,0.415,DOWN
0.022,5,0.787,0.048,0.266,0.003,0.423,0.415,DOWN
0.027,6,0.468,0.076,0.355,0.003,0.423,0.415,UP
0.018,7,0.447,0.077,0.362,0.003,0.423,0.415,UP
0.014,2,0.213,0.072,0.226,0.003,0.423,0.415,DOWN
0.429,1,0.447,0.09,0.422,0.003,0.423,0.415,UP
0.014,3,0.979,0.051,0.487,0.003,0.423,0.415,DOWN
0.013,6,0.064,0.079,0.434,0.003,0.423,0.415,UP
0.013,5,0.277,0.047,0.545,0.003,0.423,0.415,DOWN
0.47,3,0.404,0.074,0.572,0.005,0.605,0.39,UP
0.912,7,0.106,0.043,0.178,0.003,0.306,0.683,DOWN
0.018,4,0.979,0.065,0.472,0.003,0.423,0.415,DOWN
0.43,4,0.596,0.073,0.462,0.003,0.423,0.415,DOWN
0.017,7,0.851,0.061,0.276,0.003,0.423,0.415,DOWN
0.43,2,0.553,0.09,0.587,0.003,0.423,0.415,UP
0.438,5,0.894,0.06,0.387,0.003,0.423,0.415,DOWN
0.031,2,0.383,0.111,0.564,0.003,0.423,0.415,UP
0.004,6,0.255,0.081,0.298,0.003,0.423,0.415,UP
0.023,3,0.128,0.064,0.098,0.003,0.423,0.415,DOWN
0.456,3,0.128,0.028,0.306,0.002,0.303,0.897,DOWN
0.466,7,0.234,0.026,0.15,0.002,0.168,0.676,DOWN
0.014,3,0.191,0.041,0.241,0.003,0.423,0.415,DOWN
0.912,6,0.723,0.101,0.607,0.007,0.568,0.375,UP
0.456,1,0.064,0.024,0.215,0.002,0.335,0.726,DOWN
0.885,6,0.979,0.029,0.537,0.002,0.489,0.354,DOWN
0.429,3,0.83,0.083,0.419,0.003,0.423,0.415,UP
0.018,4,0.638,0.051,0.463,0.003,0.423,0.415,DOWN
0.443,2,0.426,0.074,0.529,0.005,0.539,0.53,DOWN
0.461,2,0.617,0.031,0.466,0.002,0.332,0.766,UP
0.004,2,0.064,0.071,0.285,0.003,0.423,0.415,DOWN
0.43,2,0.383,0.089,0.536,0.003,0.423,0.415,UP
0.023,6,0.043,0.056,0.204,0.003,0.423,0.415,DOWN
0.443,3,0.234,0.044,0.205,0.003,0.246,0.58,DOWN
0.877,6,0.234,0.028,0.269,0.002,0.307,0.754,DOWN
0.027,2,0.681,0.11,0.505,0.003,0.423,0.415,UP
0.447,2,0.191,0.032,0.157,0.002,0.202,0.629,DOWN
0.448,4,0.043,0.04,0.366,0.003,0.252,0.532,DOWN
0.464,1,0.553,0.03,0.343,0.002,0.365,0.541,UP
0.001,3,0.234,0.044,0.358,0.003,0.423,0.415,DOWN
0.027,6,0.191,0.048,0.113,0.003,0.423,0.415,DOWN
0.877,2,0.064,0.027,0.221,0.002,0.314,0.521,DOWN
0.443,7,0.574,0.054,0.513,0.004,0.383,0.501,DOWN
0.908,2,0.66,0.079,0.495,0.005,0.512,0.371,UP
0.908,3,0.766,0.043,0.487,0.003,0.451,0.578,UP
0.881,7,0.34,0.031,0.272,0.002,0.219,0.687,DOWN
0.456,3,0.085,0.033,0.383,0.002,0.516,0.612,DOWN
0.014,2,0.064,0.041,0.372,0.003,0.423,0.415,DOWN
0.46,2,0.851,0.029,0.485,0.002,0.389,0.591,UP
0.43,7,0.043,0.051,0.292,0.003,0.423,0.415,DOWN
0.889,4,0.979,0.035,0.451,0.002,0.448,0.502,UP
0.005,6,0.255,0.076,0.174,0.003,0.423,0.415,DOWN
0.889,2,0.553,0.027,0.507,0.002,0.349,0.512,DOWN
0.89,6,0.319,0.073,0.629,0.005,0.575,0.526,UP
0.911,7,0.191,0.027,0.13,0.002,0.226,0.621,DOWN
0.443,1,0.894,0.058,0.437,0.004,0.302,0.524,UP
0.456,4,0.809,0.035,0.557,0.002,0.64,0.549,DOWN
0.434,7,0.936,0.061,0.337,0.003,0.423,0.415,UP
0.881,2,0.383,0.028,0.522,0.002,0.544,0.622,UP
0.425,3,1.0,0.062,0.372,0.003,0.423,0.415,DOWN
0.474,1,0.66,0.027,0.309,0.002,0.224,0.629,DOWN
0.456,7,0.277,0.028,0.393,0.002,0.36,0.797,UP
0.022,7,0.83,0.075,0.467,0.003,0.423,0.415,UP
0.438,3,0.553,0.091,0.554,0.003,0.423,0.415,UP
0.434,1,0.766,0.078,0.537,0.003,0.423,0.415,UP
0.027,6,0.426,0.074,0.321,0.003,0.423,0.415,UP
0.425,7,0.936,0.075,0.239,0.003,0.423,0.415,UP
0.426,2,0.383,0.079,0.522,0.003,0.423,0.415,UP
0.447,7,0.213,0.025,0.146,0.001,0.211,0.726,DOWN
0.009,4,0.809,0.075,0.701,0.003,0.423,0.415,DOWN
0.881,3,0.085,0.029,0.232,0.001,0.306,0.654,DOWN
0.456,1,0.064,0.031,0.271,0.002,0.372,0.738,UP
0.872,1,0.723,0.031,0.562,0.002,0.374,0.857,DOWN
0.023,5,0.511,0.071,0.481,0.003,0.423,0.415,UP
0.464,7,0.532,0.026,0.345,0.002,0.213,0.704,DOWN
0.912,4,0.596,0.09,0.554,0.006,0.553,0.435,UP
0.443,1,0.936,0.053,0.439,0.004,0.409,0.596,DOWN
0.465,7,0.638,0.029,0.337,0.002,0.285,0.749,DOWN
0.447,6,0.404,0.043,0.532,0.003,0.548,0.615,UP
0.004,2,0.106,0.043,0.272,0.003,0.423,0.415,DOWN
0.899,6,0.404,0.089,0.664,0.006,0.505,0.572,UP
0.895,5,0.277,0.067,0.55,0.005,0.47,0.608,UP
0.442,3,0.532,0.058,0.518,0.003,0.423,0.415,DOWN
0.46,5,0.383,0.033,0.517,0.002,0.578,0.345,DOWN
0.912,3,0.468,0.044,0.566,0.003,0.503,0.38,DOWN
0.013,2,0.298,0.042,0.507,0.003,0.423,0.415,DOWN
0.465,1,0.17,0.026,0.128,0.002,0.186,0.746,DOWN
0.881,4,0.574,0.042,0.609,0.003,0.47,0.664,DOWN
0.465,4,0.617,0.047,0.46,0.003,0.401,0.464,UP
0.005,7,0.191,0.042,0.07,0.003,0.423,0.415,UP
0.46,6,0.085,0.031,0.16,0.002,0.305,0.493,DOWN
0.908,7,0.745,0.078,0.442,0.005,0.329,0.579,UP
0.881,7,0.596,0.04,0.317,0.003,0.28,0.851,DOWN
0.456,6,0.723,0.058,0.643,0.004,0.501,0.578,UP
0.461,1,0.553,0.03,0.374,0.002,0.241,0.378,UP
0.873,4,0.596,0.037,0.637,0.002,0.685,0.507,UP
0.001,6,0.936,0.044,0.413,0.003,0.423,0.415,DOWN
0.018,5,0.447,0.08,0.551,0.003,0.423,0.415,UP
0.448,2,0.809,0.042,0.503,0.003,0.459,0.565,DOWN
0.474,4,0.043,0.025,0.167,0.002,0.319,0.641,DOWN
0.031,6,1.0,0.074,0.419,0.003,0.423,0.415,UP
0.456,4,0.894,0.055,0.62,0.004,0.483,0.578,DOWN
0.009,5,0.681,0.042,0.506,0.003,0.423,0.415,DOWN
0.908,3,0.404,0.093,0.524,0.007,0.576,0.46,UP
0.429,4,0.766,0.068,0.462,0.003,0.423,0.415,DOWN
0.885,3,0.809,0.029,0.572,0.002,0.615,0.273,DOWN
0.903,7,0.362,0.088,0.442,0.003,0.34,0.699,UP
0.447,4,0.936,0.035,0.574,0.002,0.414,0.513,DOWN
0.473,1,0.383,0.042,0.425,0.003,0.19,0.857,DOWN
0.004,2,0.745,0.044,0.526,0.003,0.423,0.415,DOWN
0.908,4,0.064,0.049,0.354,0.003,0.425,0.454,DOWN
0.425,5,0.702,0.071,0.435,0.003,0.423,0.415,DOWN
0.867,5,0.957,0.04,0.446,0.003,0.384,0.554,UP
0.027,6,0.638,0.074,0.305,0.003,0.423,0.415,UP
0.429,3,0.383,0.093,0.538,0.003,0.423,0.415,UP
0.027,1,0.936,0.091,0.409,0.003,0.423,0.415,UP
0.022,6,0.255,0.047,0.154,0.003,0.423,0.415,DOWN
0.425,6,0.617,0.058,0.301,0.003,0.423,0.415,DOWN
0.872,3,0.255,0.029,0.307,0.002,0.323,0.766,DOWN
0.014,2,0.511,0.041,0.468,0.003,0.423,0.415,DOWN
0.898,2,0.702,0.087,0.649,0.006,0.627,0.509,UP
0.474,1,0.149,0.022,0.128,0.002,0.16,0.758,DOWN
0.89,4,0.787,0.033,0.614,0.002,0.66,0.385,DOWN
0.447,6,0.404,0.044,0.596,0.003,0.492,0.385,DOWN
0.027,5,0.617,0.055,0.428,0.003,0.423,0.415,DOWN
0.469,4,0.234,0.028,0.242,0.002,0.178,0.715,DOWN
0.014,7,0.809,0.066,0.524,0.003,0.423,0.415,UP
0.881,1,0.745,0.031,0.477,0.002,0.32,0.754,UP
0.437,4,0.191,0.06,0.203,0.003,0.423,0.415,DOWN
0.474,5,0.064,0.028,0.265,0.002,0.29,0.663,DOWN
0.005,7,0.596,0.062,0.355,0.003,0.423,0.415,DOWN
0.908,7,0.894,0.04,0.284,0.003,0.304,0.554,DOWN
0.014,3,1.0,0.041,0.458,0.003,0.423,0.415,DOWN
0.912,4,0.851,0.045,0.359,0.003,0.447,0.525,DOWN
0.429,3,0.894,0.075,0.322,0.003,0.423,0.415,DOWN
0.873,6,0.915,0.035,0.424,0.002,0.345,0.742,UP
0.443,6,0.043,0.042,0.259,0.003,0.27,0.59,DOWN
0.032,6,0.702,0.067,0.222,0.003,0.423,0.415,DOWN
0.438,2,0.553,0.054,0.291,0.003,0.423,0.415,UP
0.031,1,0.617,0.09,0.401,0.003,0.423,0.415,UP
0.009,1,1.0,0.051,0.542,0.003,0.423,0.415,DOWN
0.439,6,0.128,0.05,0.202,0.003,0.423,0.415,DOWN
0.903,2,0.043,0.086,0.365,0.006,0.393,0.525,UP
0.474,7,0.021,0.028,0.273,0.002,0.292,0.572,DOWN
0.89,6,0.723,0.036,0.785,0.003,0.679,0.438,DOWN
0.027,6,0.936,0.076,0.352,0.003,0.423,0.415,DOWN
0.027,6,0.894,0.049,0.287,0.003,0.423,0.415,DOWN
0.443,4,0.83,0.042,0.611,0.003,0.582,0.492,DOWN
0.474,7,0.255,0.029,0.226,0.002,0.227,0.735,DOWN
0.867,4,0.723,0.049,0.354,0.003,0.346,0.602,UP
0.019,2,0.553,0.055,0.499,0.003,0.423,0.415,DOWN
0.032,7,0.532,0.08,0.225,0.003,0.423,0.415,UP
0.89,2,0.489,0.044,0.68,0.003,0.605,0.373,DOWN
0.456,6,0.957,0.054,0.639,0.004,0.428,0.575,UP
0.027,6,0.064,0.048,0.222,0.003,0.423,0.415,DOWN
0.009,6,0.979,0.081,0.56,0.003,0.423,0.415,UP
0.894,5,0.809,0.05,0.701,0.003,0.446,0.589,DOWN
0.889,7,0.426,0.029,0.505,0.002,0.366,0.693,DOWN
0.027,3,0.298,0.055,0.409,0.003,0.423,0.415,DOWN
0.443,6,0.979,0.056,0.481,0.004,0.486,0.521,DOWN
0.018,2,0.489,0.047,0.493,0.003,0.423,0.415,DOWN
0.448,7,0.319,0.014,0.338,0.001,0.238,0.707,DOWN
0.018,7,0.553,0.071,0.247,0.003,0.423,0.415,UP
0.438,6,0.596,0.051,0.381,0.003,0.423,0.415,UP
0.88,4,0.298,0.029,0.443,0.002,0.462,0.261,DOWN
0.032,1,0.149,0.046,0.042,0.003,0.423,0.415,DOWN
0.001,6,0.021,0.093,0.222,0.003,0.423,0.415,DOWN
0.447,1,0.362,0.041,0.222,0.003,0.195,0.797,UP
0.872,3,0.277,0.037,0.464,0.002,0.415,0.854,DOWN
0.434,6,0.468,0.076,0.536,0.003,0.423,0.415,UP
0.019,5,0.447,0.047,0.577,0.003,0.423,0.415,DOWN
0.425,7,0.426,0.057,0.377,0.003,0.423,0.415,UP
0.456,6,0.596,0.034,0.565,0.002,0.613,0.28,DOWN
0.438,1,0.383,0.064,0.506,0.003,0.423,0.415,DOWN
0.018,5,0.383,0.047,0.592,0.003,0.423,0.415,DOWN
0.912,2,0.553,0.044,0.273,0.001,0.23,0.838,DOWN
0.429,5,0.383,0.095,0.534,0.003,0.423,0.415,UP
0.019,5,0.043,0.048,0.338,0.003,0.423,0.415,UP
0.907,6,0.979,0.087,0.357,0.006,0.341,0.45,DOWN
0.466,2,0.957,0.028,0.405,0.002,0.258,0.396,DOWN
0.474,7,0.957,0.046,0.424,0.003,0.226,0.795,UP
0.023,5,0.17,0.066,0.198,0.003,0.423,0.415,DOWN
0.027,6,0.851,0.047,0.295,0.003,0.423,0.415,DOWN
0.023,5,0.426,0.089,0.516,0.003,0.423,0.415,UP
0.877,7,0.234,0.021,0.144,0.001,0.221,0.847,DOWN
0.89,7,0.745,0.079,0.843,0.005,0.698,0.315,UP
0.911,6,0.681,0.044,0.489,0.003,0.331,0.611,UP
0.026,4,0.766,0.082,0.466,0.003,0.423,0.415,UP
0.46,4,0.532,0.032,0.498,0.002,0.517,0.351,DOWN
0.023,1,0.426,0.084,0.493,0.003,0.423,0.415,UP
0.461,4,0.979,0.057,0.407,0.004,0.381,0.514,UP
0.018,4,0.319,0.061,0.511,0.003,0.423,0.415,DOWN
0.43,6,0.128,0.046,0.128,0.003,0.423,0.415,DOWN
0.46,3,0.702,0.043,0.448,0.003,0.457,0.387,DOWN
0.018,2,0.872,0.047,0.509,0.003,0.423,0.415,DOWN
0.443,5,0.745,0.077,0.593,0.005,0.559,0.363,UP
0.031,2,0.553,0.063,0.483,0.003,0.423,0.415,DOWN
0.911,5,0.894,0.043,0.474,0.003,0.348,0.559,DOWN
0.434,7,0.106,0.05,0.262,0.003,0.423,0.415,DOWN
0.014,6,0.043,0.041,0.296,0.003,0.423,0.415,DOWN
0.89,5,0.404,0.033,0.631,0.002,0.598,0.315,DOWN
0.001,1,0.553,0.12,0.354,0.003,0.423,0.415,UP
0.474,1,0.723,0.025,0.219,0.002,0.161,0.786,DOWN
0.005,7,0.872,0.043,0.507,0.003,0.423,0.415,DOWN
0.895,5,0.277,0.08,0.543,0.005,0.64,0.398,UP
0.01,4,0.34,0.042,0.629,0.003,0.423,0.415,DOWN
0.442,2,0.979,0.046,0.377,0.003,0.349,0.501,DOWN
0.448,1,0.043,0.041,0.382,0.003,0.393,0.686,UP
0.014,5,0.638,0.086,0.495,0.003,0.423,0.415,UP
0.018,7,0.723,0.041,0.394,0.003,0.423,0.415,DOWN
0.023,4,0.191,0.058,0.147,0.003,0.423,0.415,DOWN
0.474,6,0.319,0.029,0.485,0.002,0.364,0.591,UP
0.429,2,0.979,0.081,0.432,0.003,0.423,0.415,UP
0.474,1,0.809,0.028,0.294,0.002,0.184,0.856,DOWN
0.434,1,0.872,0.047,0.427,0.003,0.423,0.415,DOWN
0.868,1,0.936,0.027,0.328,0.002,0.287,0.834,DOWN
0.031,4,0.596,0.065,0.564,0.003,0.423,0.415,DOWN
0.885,7,0.064,0.029,0.226,0.002,0.343,0.693,DOWN
0.434,6,0.319,0.046,0.284,0.003,0.423,0.415,DOWN
0.005,2,0.574,0.076,0.504,0.003,0.423,0.415,DOWN
0.456,4,0.128,0.023,0.265,0.001,0.252,0.815,DOWN
0.005,3,0.915,0.09,0.615,0.003,0.423,0.415,DOWN
0.005,2,0.936,0.043,0.546,0.003,0.423,0.415,DOWN
0.01,1,0.681,0.041,0.467,0.003,0.423,0.415,UP
0.01,4,0.149,0.041,0.187,0.003,0.423,0.415,DOWN
0.438,4,1.0,0.047,0.409,0.003,0.423,0.415,DOWN
0.429,7,0.106,0.055,0.142,0.003,0.423,0.415,DOWN
0.429,1,0.447,0.07,0.389,0.003,0.423,0.415,UP
0.005,1,0.064,0.075,0.295,0.003,0.423,0.415,DOWN
0.898,5,0.617,0.093,0.737,0.006,0.696,0.548,UP
0.872,6,0.574,0.029,0.501,0.001,0.292,0.789,DOWN
0.439,1,0.872,0.047,0.316,0.003,0.423,0.415,DOWN
0.018,4,0.851,0.048,0.461,0.003,0.423,0.415,DOWN
0.451,3,0.574,0.041,0.552,0.003,0.539,0.436,DOWN
0.426,2,0.681,0.066,0.355,0.003,0.423,0.415,UP
0.443,7,0.234,0.043,0.103,0.003,0.159,0.639,DOWN
0.013,4,0.872,0.041,0.476,0.003,0.423,0.415,DOWN
0.014,4,0.681,0.045,0.447,0.003,0.423,0.415,DOWN
0.876,4,0.128,0.027,0.127,0.001,0.16,0.88,DOWN
0.457,3,0.809,0.038,0.742,0.003,0.635,0.546,DOWN
0.881,1,0.979,0.044,0.355,0.001,0.29,0.73,UP
0.031,7,0.702,0.056,0.241,0.003,0.423,0.415,DOWN
0.014,5,0.936,0.045,0.516,0.003,0.423,0.415,DOWN
0.907,1,0.702,0.042,0.356,0.003,0.346,0.482,UP
0.023,7,0.766,0.081,0.238,0.003,0.423,0.415,UP
0.027,6,0.085,0.048,0.152,0.003,0.423,0.415,DOWN
0.461,7,0.404,0.03,0.372,0.002,0.247,0.793,DOWN
0.023,5,0.787,0.115,0.46,0.003,0.423,0.415,UP
0.032,4,0.809,0.075,0.321,0.003,0.423,0.415,UP
0.434,2,0.596,0.076,0.572,0.003,0.423,0.415,UP
0.022,7,0.553,0.044,0.308,0.003,0.423,0.415,DOWN
0.899,5,0.191,0.036,0.193,0.002,0.276,0.666,DOWN
0.452,7,0.532,0.033,0.343,0.002,0.35,0.542,DOWN
0.01,4,0.426,0.042,0.627,0.003,0.423,0.415,DOWN
0.001,3,0.553,0.044,0.49,0.003,0.423,0.415,DOWN
0.465,3,0.894,0.031,0.378,0.002,0.33,0.589,DOWN
0.452,2,0.979,0.034,0.535,0.002,0.454,0.46,DOWN
0.439,6,0.362,0.064,0.434,0.003,0.423,0.415,UP
0.872,2,0.149,0.033,0.167,0.002,0.165,0.885,DOWN
0.881,5,0.617,0.064,0.474,0.004,0.537,0.586,UP
0.005,6,0.255,0.075,0.192,0.003,0.423,0.415,UP
0.018,5,0.043,0.047,0.421,0.003,0.423,0.415,DOWN
0.027,3,0.66,0.075,0.474,0.003,0.423,0.415,UP
0.461,4,0.468,0.068,0.616,0.004,0.572,0.36,DOWN
0.885,6,0.277,0.03,0.346,0.002,0.303,0.632,DOWN
0.89,6,0.787,0.073,0.656,0.005,0.515,0.678,DOWN
0.028,5,0.574,0.058,0.452,0.003,0.423,0.415,DOWN
0.474,1,0.298,0.026,0.183,0.002,0.169,0.834,DOWN
0.018,2,0.426,0.081,0.501,0.003,0.423,0.415,UP
0.881,4,0.851,0.054,0.434,0.003,0.427,0.625,DOWN
0.916,6,0.362,0.052,0.517,0.004,0.554,0.44,DOWN
0.005,7,0.957,0.075,0.305,0.003,0.423,0.415,UP
0.022,6,0.426,0.083,0.376,0.003,0.423,0.415,UP
0.447,5,0.191,0.019,0.155,0.001,0.233,0.707,DOWN
0.469,7,0.851,0.027,0.255,0.002,0.213,0.556,DOWN
0.001,3,0.447,0.044,0.678,0.003,0.423,0.415,DOWN
0.912,2,0.255,0.044,0.324,0.003,0.39,0.481,UP
0.461,7,0.255,0.028,0.184,0.002,0.153,0.558,DOWN
0.018,6,0.298,0.047,0.343,0.003,0.423,0.415,DOWN
0.899,7,0.043,0.032,0.444,0.002,0.425,0.507,DOWN
0.004,4,0.277,0.044,0.496,0.003,0.423,0.415,DOWN
0.456,3,0.298,0.038,0.58,0.003,0.606,0.327,DOWN
0.009,3,0.638,0.042,0.509,0.003,0.423,0.415,DOWN
0.031,3,0.83,0.113,0.578,0.003,0.423,0.415,UP
0.448,1,0.106,0.018,0.107,0.001,0.229,0.58,DOWN
0.023,2,0.957,0.094,0.439,0.003,0.423,0.415,UP
0.474,2,0.17,0.026,0.116,0.002,0.12,0.79,DOWN
0.445,5,0.851,0.042,0.417,0.003,0.238,0.746,DOWN
0.908,3,0.681,0.042,0.441,0.003,0.525,0.287,DOWN
0.43,3,0.809,0.058,0.485,0.003,0.423,0.415,DOWN
0.912,5,0.872,0.065,0.43,0.004,0.497,0.476,DOWN
0.443,2,0.426,0.089,0.552,0.006,0.58,0.501,UP
0.456,2,0.809,0.035,0.605,0.002,0.496,0.726,DOWN
0.009,5,1.0,0.042,0.571,0.003,0.423,0.415,DOWN
0.013,5,0.362,0.042,0.484,0.003,0.423,0.415,DOWN
0.426,2,0.234,0.072,0.263,0.003,0.423,0.415,UP
0.464,6,0.936,0.028,0.453,0.002,0.311,0.49,DOWN
0.867,3,0.894,0.034,0.391,0.002,0.36,0.778,UP
0.881,6,0.106,0.029,0.157,0.002,0.304,0.761,DOWN
0.013,7,0.766,0.103,0.344,0.003,0.423,0.415,DOWN
0.022,7,0.809,0.055,0.291,0.003,0.423,0.415,UP
0.019,4,0.064,0.045,0.343,0.003,0.423,0.415,DOWN
0.426,7,0.617,0.075,0.287,0.003,0.423,0.415,UP
0.005,7,0.809,0.079,0.415,0.003,0.423,0.415,UP
0.456,5,0.532,0.035,0.477,0.002,0.508,0.533,DOWN
0.881,4,0.702,0.029,0.488,0.002,0.519,0.418,DOWN
0.465,5,0.702,0.056,0.454,0.004,0.537,0.253,UP
0.456,6,0.106,0.036,0.279,0.002,0.327,0.568,DOWN
0.442,3,0.34,0.118,0.533,0.008,0.457,0.501,UP
0.031,6,0.957,0.055,0.415,0.003,0.423,0.415,DOWN
0.439,5,0.447,0.066,0.65,0.003,0.423,0.415,UP
0.429,5,0.745,0.077,0.56,0.003,0.423,0.415,UP
0.448,5,0.383,0.079,0.615,0.003,0.636,0.315,UP
0.004,5,0.532,0.047,0.509,0.003,0.423,0.415,DOWN
0.023,2,0.043,0.067,0.198,0.003,0.423,0.415,DOWN
0.872,2,0.809,0.026,0.719,0.002,0.564,0.664,DOWN
0.429,1,0.511,0.077,0.491,0.003,0.423,0.415,DOWN
0.434,7,0.766,0.047,0.333,0.003,0.423,0.415,UP
0.014,2,0.255,0.062,0.419,0.003,0.423,0.415,UP
0.013,1,0.043,0.041,0.243,0.003,0.423,0.415,DOWN
0.439,6,1.0,0.048,0.455,0.003,0.423,0.415,DOWN
0.425,4,0.383,0.114,0.582,0.003,0.423,0.415,UP
0.871,2,0.872,0.029,0.438,0.001,0.339,0.747,DOWN
0.461,5,0.085,0.026,0.171,0.002,0.275,0.485,DOWN
0.452,3,0.362,0.035,0.533,0.002,0.568,0.611,DOWN
0.018,7,0.979,0.076,0.401,0.003,0.423,0.415,UP
0.908,5,0.043,0.044,0.264,0.003,0.395,0.466,DOWN
0.903,3,0.532,0.044,0.484,0.003,0.634,0.397,DOWN
0.89,3,0.298,0.046,0.593,0.003,0.607,0.26,DOWN
0.026,2,0.596,0.078,0.518,0.003,0.423,0.415,UP
0.461,1,0.404,0.029,0.293,0.002,0.177,0.615,DOWN
0.461,1,0.383,0.052,0.516,0.004,0.462,0.597,UP
0.425,5,0.915,0.058,0.337,0.003,0.423,0.415,DOWN
0.911,5,0.021,0.043,0.405,0.003,0.34,0.596,DOWN
0.031,1,0.723,0.069,0.426,0.003,0.423,0.415,DOWN
0.023,4,0.574,0.056,0.455,0.003,0.423,0.415,DOWN
0.885,3,0.638,0.037,0.473,0.002,0.507,0.521,DOWN
0.448,2,0.043,0.044,0.593,0.003,0.516,0.547,DOWN
0.009,2,0.809,0.042,0.505,0.003,0.423,0.415,DOWN
0.004,4,0.447,0.047,0.603,0.003,0.423,0.415,DOWN
0.018,4,0.021,0.056,0.295,0.003,0.423,0.415,DOWN
0.001,1,0.447,0.084,0.557,0.003,0.423,0.415,DOWN
0.912,2,0.34,0.044,0.493,0.003,0.512,0.483,DOWN
0.023,4,0.766,0.075,0.367,0.003,0.423,0.415,UP
0.447,7,0.213,0.027,0.16,0.002,0.253,0.718,DOWN
0.027,5,0.957,0.105,0.481,0.003,0.423,0.415,UP
0.435,3,0.894,0.046,0.311,0.003,0.423,0.415,DOWN
0.881,6,0.872,0.036,0.332,0.002,0.473,0.589,DOWN
0.894,6,0.979,0.031,0.599,0.002,0.496,0.561,DOWN
0.009,2,0.915,0.08,0.545,0.003,0.423,0.415,DOWN
0.031,6,0.66,0.052,0.294,0.003,0.423,0.415,DOWN
0.457,7,0.66,0.034,0.484,0.002,0.386,0.651,DOWN
0.907,3,0.83,0.041,0.383,0.003,0.28,0.565,UP
0.899,4,0.979,0.04,0.571,0.003,0.537,0.463,DOWN
0.022,5,0.468,0.079,0.517,0.003,0.423,0.415,UP
0.443,2,0.745,0.087,0.525,0.006,0.571,0.407,UP
0.425,3,0.404,0.09,0.497,0.003,0.423,0.415,UP
0.429,5,0.17,0.055,0.149,0.003,0.423,0.415,DOWN
0.018,6,0.064,0.052,0.241,0.003,0.423,0.415,DOWN
0.872,6,0.064,0.026,0.143,0.002,0.249,0.721,DOWN
0.903,1,0.894,0.067,0.362,0.004,0.357,0.622,DOWN
0.474,4,0.17,0.028,0.17,0.002,0.232,0.794,DOWN
0.88,3,0.468,0.038,0.53,0.003,0.556,0.479,DOWN
0.425,7,0.362,0.08,0.431,0.003,0.423,0.415,UP
0.456,1,0.064,0.035,0.245,0.002,0.307,0.661,UP
0.877,2,0.468,0.044,0.607,0.003,0.592,0.352,UP
0.434,7,0.043,0.041,0.179,0.003,0.423,0.415,DOWN
0.005,7,0.894,0.083,0.371,0.003,0.423,0.415,UP
0.474,4,0.021,0.028,0.238,0.002,0.274,0.857,DOWN
0.881,4,0.489,0.03,0.427,0.002,0.379,0.638,DOWN
0.877,7,0.745,0.027,0.383,0.002,0.385,0.546,DOWN
0.022,4,0.702,0.058,0.429,0.003,0.423,0.415,UP
0.456,4,0.234,0.033,0.376,0.002,0.407,0.671,DOWN
0.881,5,1.0,0.029,0.379,0.002,0.374,0.664,UP
0.433,6,0.064,0.071,0.251,0.003,0.423,0.415,DOWN
0.429,2,0.723,0.075,0.481,0.003,0.423,0.415,DOWN
0.434,2,0.149,0.047,0.155,0.003,0.423,0.415,DOWN
0.014,5,0.489,0.073,0.552,0.003,0.423,0.415,UP
0.469,4,0.872,0.033,0.462,0.002,0.383,0.689,DOWN
0.429,3,0.872,0.092,0.506,0.003,0.423,0.415,DOWN
0.425,7,0.319,0.077,0.375,0.003,0.423,0.415,UP
0.868,7,0.149,0.033,0.208,0.002,0.305,0.754,DOWN
0.907,2,0.255,0.082,0.396,0.006,0.384,0.661,UP
0.018,2,0.638,0.081,0.411,0.003,0.423,0.415,UP
0.001,4,0.043,0.044,0.219,0.003,0.423,0.415,DOWN
0.001,7,0.255,0.082,0.121,0.003,0.423,0.415,DOWN
0.013,6,0.511,0.042,0.367,0.003,0.423,0.415,DOWN
0.456,1,0.362,0.053,0.474,0.003,0.342,0.561,UP
0.005,3,0.723,0.06,0.393,0.003,0.423,0.415,DOWN
0.912,7,0.766,0.04,0.296,0.003,0.309,0.734,DOWN
0.881,7,0.702,0.029,0.253,0.002,0.273,0.596,DOWN
0.434,7,0.596,0.045,0.296,0.003,0.423,0.415,DOWN
0.032,7,0.723,0.057,0.373,0.003,0.423,0.415,DOWN
0.491,4,0.255,0.044,0.413,0.003,0.476,0.246,UP
0.912,2,0.681,0.083,0.497,0.006,0.604,0.467,UP
0.868,5,0.213,0.032,0.316,0.002,0.35,0.658,DOWN
0.894,5,0.404,0.053,0.505,0.003,0.645,0.452,DOWN
0.026,3,0.702,0.092,0.404,0.003,0.423,0.415,UP
0.881,7,0.234,0.029,0.196,0.002,0.233,0.857,DOWN
0.018,2,0.468,0.065,0.481,0.003,0.423,0.415,DOWN
0.916,3,0.681,0.091,0.452,0.006,0.474,0.418,UP
0.885,5,0.043,0.033,0.279,0.002,0.311,0.738,DOWN
0.435,2,0.128,0.044,0.168,0.003,0.423,0.415,DOWN
0.903,5,0.255,0.076,0.426,0.005,0.495,0.524,UP
0.912,2,0.702,0.059,0.471,0.004,0.445,0.499,UP
0.908,7,0.872,0.036,0.285,0.002,0.247,0.765,DOWN
0.438,6,0.404,0.071,0.526,0.003,0.423,0.415,UP
0.031,6,0.064,0.061,0.211,0.003,0.423,0.415,DOWN
0.005,3,0.766,0.067,0.624,0.003,0.423,0.415,UP
0.005,4,0.596,0.075,0.509,0.003,0.423,0.415,DOWN
0.473,3,0.957,0.045,0.418,0.003,0.236,0.395,DOWN
0.46,5,0.021,0.028,0.466,0.002,0.422,0.552,DOWN
0.022,3,0.915,0.048,0.384,0.003,0.423,0.415,DOWN
0.032,5,0.085,0.055,0.154,0.003,0.423,0.415,DOWN
0.439,2,0.191,0.055,0.17,0.003,0.423,0.415,DOWN
0.43,2,0.085,0.044,0.244,0.003,0.423,0.415,DOWN
0.032,7,0.362,0.057,0.229,0.003,0.423,0.415,DOWN
0.881,7,0.872,0.028,0.343,0.002,0.232,0.804,DOWN
0.469,3,0.809,0.044,0.48,0.003,0.458,0.425,UP
0.461,2,0.149,0.029,0.167,0.002,0.256,0.584,DOWN
0.014,6,0.383,0.075,0.567,0.003,0.423,0.415,UP
0.013,5,0.872,0.042,0.648,0.003,0.423,0.415,DOWN
0.013,2,0.617,0.04,0.529,0.003,0.423,0.415,UP
0.908,7,0.957,0.079,0.451,0.005,0.366,0.564,UP
0.439,7,0.128,0.044,0.089,0.003,0.423,0.415,DOWN
0.894,5,0.149,0.034,0.244,0.002,0.345,0.612,DOWN
0.014,3,1.0,0.072,0.535,0.003,0.423,0.415,UP
0.469,4,0.702,0.03,0.447,0.002,0.409,0.366,DOWN
0.018,6,0.957,0.045,0.405,0.003,0.423,0.415,DOWN
0.429,3,0.83,0.076,0.443,0.003,0.423,0.415,DOWN
0.434,1,0.936,0.048,0.42,0.003,0.423,0.415,DOWN
0.447,7,0.234,0.015,0.107,0.001,0.13,0.796,DOWN
0.027,4,0.149,0.075,0.129,0.003,0.423,0.415,DOWN
0.023,2,0.17,0.046,0.131,0.003,0.423,0.415,DOWN
0.474,7,0.085,0.026,0.174,0.001,0.211,0.769,DOWN
0.429,7,1.0,0.058,0.289,0.003,0.423,0.415,DOWN
0.867,3,0.872,0.03,0.398,0.002,0.333,0.595,UP
0.46,5,0.638,0.043,0.468,0.003,0.474,0.206,DOWN
0.014,5,0.021,0.041,0.337,0.003,0.423,0.415,DOWN
0.014,2,1.0,0.056,0.463,0.003,0.423,0.415,DOWN
0.872,1,0.681,0.031,0.38,0.002,0.294,0.838,DOWN
0.47,3,0.702,0.049,0.545,0.003,0.552,0.444,DOWN
0.448,7,0.149,0.041,0.201,0.003,0.227,0.582,DOWN
0.876,1,0.191,0.018,0.063,0.001,0.198,0.896,DOWN
0.019,1,0.149,0.041,0.112,0.003,0.423,0.415,DOWN
0.457,1,0.766,0.042,0.712,0.003,0.435,0.493,UP
0.88,6,0.872,0.03,0.398,0.002,0.33,0.397,DOWN
0.43,4,0.979,0.05,0.454,0.003,0.423,0.415,DOWN
0.898,4,0.511,0.044,0.622,0.003,0.643,0.501,DOWN
0.469,2,0.894,0.026,0.393,0.002,0.264,0.605,DOWN
0.456,5,0.894,0.034,0.443,0.002,0.413,0.395,DOWN
0.429,7,0.83,0.074,0.353,0.003,0.423,0.415,DOWN
0.004,3,0.383,0.045,0.587,0.003,0.423,0.415,DOWN
0.443,2,0.298,0.046,0.323,0.003,0.318,0.592,DOWN
0.43,3,0.702,0.083,0.507,0.003,0.423,0.415,UP
0.032,2,1.0,0.058,0.35,0.003,0.423,0.415,DOWN
0.885,3,0.255,0.036,0.396,0.002,0.462,0.588,DOWN
0.425,5,0.511,0.102,0.563,0.003,0.423,0.415,UP
0.907,7,0.149,0.025,0.141,0.002,0.289,0.668,DOWN
0.894,7,0.638,0.075,0.393,0.003,0.357,0.855,UP
0.894,4,0.936,0.063,0.524,0.004,0.54,0.464,DOWN
0.005,4,0.404,0.104,0.708,0.003,0.423,0.415,UP
0.005,3,0.617,0.076,0.562,0.003,0.423,0.415,DOWN
0.442,2,0.319,0.055,0.521,0.003,0.423,0.415,DOWN
0.014,4,0.149,0.041,0.235,0.003,0.423,0.415,DOWN
0.876,6,0.255,0.025,0.211,0.001,0.226,0.813,DOWN
0.018,6,0.277,0.04,0.367,0.003,0.423,0.415,DOWN
0.434,5,0.681,0.045,0.342,0.003,0.423,0.415,DOWN
0.464,7,0.277,0.029,0.329,0.002,0.258,0.61,DOWN
0.894,2,0.681,0.068,0.536,0.004,0.564,0.565,UP
0.027,7,0.234,0.08,0.121,0.003,0.423,0.415,UP
0.001,5,0.468,0.044,0.485,0.003,0.423,0.415,DOWN
0.877,7,0.553,0.029,0.526,0.002,0.535,0.579,DOWN
0.872,6,0.851,0.027,0.517,0.002,0.562,0.348,DOWN
0.464,4,0.064,0.031,0.426,0.002,0.402,0.483,DOWN
0.469,4,0.574,0.028,0.423,0.002,0.312,0.608,DOWN
0.876,5,0.404,0.033,0.663,0.002,0.71,0.451,UP
0.018,5,0.745,0.096,0.663,0.003,0.423,0.415,UP
0.425,3,0.681,0.075,0.37,0.003,0.423,0.415,DOWN
0.439,3,0.511,0.058,0.509,0.003,0.423,0.415,DOWN
0.43,2,0.021,0.059,0.213,0.003,0.423,0.415,DOWN
0.026,5,0.936,0.061,0.309,0.003,0.423,0.415,UP
0.027,6,0.489,0.085,0.446,0.003,0.423,0.415,UP
0.426,3,0.532,0.057,0.514,0.003,0.423,0.415,DOWN
0.022,1,0.596,0.048,0.356,0.003,0.423,0.415,DOWN
0.894,6,0.447,0.079,0.687,0.005,0.648,0.483,UP
0.022,7,0.17,0.06,0.134,0.003,0.423,0.415,DOWN
0.43,6,0.745,0.073,0.386,0.003,0.423,0.415,UP
0.005,7,0.319,0.056,0.233,0.003,0.423,0.415,DOWN
0.022,5,0.064,0.045,0.344,0.003,0.423,0.415,DOWN
0.425,6,0.979,0.075,0.279,0.003,0.423,0.415,UP
0.89,6,0.298,0.048,0.301,0.003,0.386,0.648,DOWN
0.439,2,0.255,0.068,0.295,0.003,0.423,0.415,DOWN
0.464,5,0.702,0.029,0.38,0.002,0.442,0.46,DOWN
0.022,6,0.957,0.058,0.295,0.003,0.423,0.415,DOWN
0.018,1,0.915,0.048,0.424,0.003,0.423,0.415,DOWN
0.474,2,0.894,0.026,0.339,0.002,0.251,0.645,DOWN
0.872,6,0.851,0.028,0.426,0.001,0.298,0.847,DOWN
0.001,7,0.617,0.044,0.234,0.003,0.423,0.415,DOWN
0.903,6,0.213,0.046,0.161,0.003,0.236,0.559,DOWN
0.009,5,0.021,0.041,0.527,0.003,0.423,0.415,DOWN
0.876,5,0.915,0.032,0.581,0.002,0.486,0.655,DOWN
0.447,4,0.638,0.043,0.54,0.003,0.478,0.333,DOWN
0.434,5,0.766,0.075,0.457,0.003,0.423,0.415,UP
0.461,6,0.745,0.056,0.534,0.004,0.493,0.491,UP
0.013,2,0.83,0.074,0.609,0.003,0.423,0.415,UP
0.443,6,0.809,0.081,0.506,0.006,0.49,0.501,UP
0.872,2,0.723,0.028,0.403,0.002,0.348,0.855,DOWN
0.452,2,0.191,0.036,0.23,0.002,0.307,0.626,DOWN
0.001,6,0.468,0.044,0.479,0.003,0.423,0.415,DOWN
0.434,1,0.17,0.041,0.109,0.003,0.423,0.415,DOWN
0.895,5,0.468,0.08,0.695,0.005,0.696,0.661,DOWN
0.894,2,0.851,0.087,0.715,0.006,0.583,0.493,DOWN
0.018,5,0.745,0.076,0.403,0.003,0.423,0.415,DOWN
0.013,6,0.213,0.043,0.13,0.003,0.423,0.415,DOWN
0.452,5,0.617,0.033,0.57,0.002,0.57,0.415,DOWN
0.014,1,0.936,0.051,0.52,0.003,0.423,0.415,DOWN
0.001,5,0.553,0.044,0.462,0.003,0.423,0.415,DOWN
0.452,6,0.894,0.041,0.573,0.003,0.435,0.587,DOWN
0.439,7,0.553,0.058,0.286,0.003,0.423,0.415,DOWN
0.474,6,0.915,0.027,0.289,0.002,0.35,0.848,DOWN
0.031,4,0.702,0.051,0.479,0.003,0.423,0.415,DOWN
0.46,1,0.213,0.024,0.089,0.002,0.037,0.671,DOWN
0.425,4,0.638,0.057,0.464,0.003,0.423,0.415,DOWN
0.912,3,1.0,0.082,0.498,0.005,0.499,0.589,UP
0.027,4,0.064,0.052,0.255,0.003,0.423,0.415,DOWN
0.912,7,0.702,0.066,0.417,0.004,0.33,0.596,UP
0.005,5,0.213,0.088,0.38,0.003,0.423,0.415,UP
0.425,4,0.468,0.103,0.543,0.003,0.423,0.415,DOWN
0.001,5,0.787,0.044,0.694,0.003,0.423,0.415,DOWN
0.447,7,0.702,0.042,0.45,0.003,0.341,0.677,DOWN
0.876,1,0.468,0.028,0.313,0.001,0.259,0.739,DOWN
0.456,7,0.298,0.033,0.387,0.002,0.315,0.628,DOWN
0.009,1,0.34,0.087,0.619,0.003,0.423,0.415,DOWN
0.425,5,0.404,0.098,0.534,0.003,0.423,0.415,UP
0.014,3,0.021,0.041,0.289,0.003,0.423,0.415,DOWN
0.443,7,0.255,0.041,0.172,0.003,0.214,0.501,UP
0.881,6,0.979,0.029,0.292,0.002,0.278,0.725,DOWN
0.872,4,0.191,0.028,0.211,0.002,0.267,0.798,DOWN
0.457,4,0.638,0.036,0.59,0.002,0.642,0.04,DOWN
0.014,3,0.894,0.041,0.411,0.003,0.423,0.415,DOWN
0.456,3,0.66,0.037,0.572,0.003,0.665,0.558,UP
0.443,6,0.34,0.054,0.519,0.004,0.501,0.494,UP
0.447,4,0.638,0.044,0.511,0.003,0.488,0.517,DOWN
0.868,5,0.021,0.028,0.273,0.002,0.269,0.807,DOWN
0.425,1,0.426,0.071,0.384,0.003,0.423,0.415,UP
0.014,6,0.149,0.041,0.13,0.003,0.423,0.415,DOWN
0.013,7,0.936,0.042,0.335,0.003,0.423,0.415,DOWN
0.474,1,0.468,0.046,0.522,0.003,0.363,0.64,UP
0.465,4,1.0,0.028,0.335,0.002,0.394,0.51,UP
0.444,6,0.277,0.054,0.459,0.003,0.421,0.476,DOWN
0.465,6,0.255,0.028,0.383,0.002,0.474,0.477,DOWN
0.027,7,0.511,0.076,0.321,0.003,0.423,0.415,UP
0.013,5,0.787,0.041,0.481,0.003,0.423,0.415,DOWN
0.027,6,0.66,0.049,0.16,0.003,0.423,0.415,DOWN
0.456,5,0.83,0.033,0.559,0.002,0.435,0.714,UP
0.022,2,0.617,0.078,0.485,0.003,0.423,0.415,UP
0.031,3,0.894,0.075,0.38,0.003,0.423,0.415,DOWN
0.018,3,0.255,0.078,0.341,0.003,0.423,0.415,DOWN
0.434,3,0.021,0.046,0.404,0.003,0.423,0.415,DOWN
0.426,5,0.617,0.058,0.398,0.003,0.423,0.415,DOWN
0.461,3,0.872,0.029,0.375,0.002,0.365,0.608,DOWN
0.031,4,0.106,0.075,0.223,0.003,0.423,0.415,DOWN
0.018,2,0.979,0.048,0.46,0.003,0.423,0.415,DOWN
0.023,6,0.617,0.069,0.414,0.003,0.423,0.415,UP
0.456,4,0.511,0.075,0.662,0.005,0.649,0.5,UP
0.435,7,0.596,0.04,0.289,0.003,0.423,0.415,DOWN
0.912,1,0.957,0.047,0.271,0.003,0.237,0.708,DOWN
0.019,4,0.915,0.045,0.435,0.003,0.423,0.415,DOWN
0.018,5,0.468,0.083,0.482,0.003,0.423,0.415,UP
0.439,7,0.851,0.048,0.261,0.003,0.423,0.415,DOWN
0.018,5,0.319,0.075,0.446,0.003,0.423,0.415,UP
0.023,3,0.809,0.087,0.449,0.003,0.423,0.415,DOWN
0.438,4,0.085,0.048,0.197,0.003,0.423,0.415,DOWN
0.005,6,0.936,0.075,0.452,0.003,0.423,0.415,UP
0.013,5,0.34,0.047,0.605,0.003,0.423,0.415,DOWN
0.013,4,0.553,0.041,0.447,0.003,0.423,0.415,DOWN
0.911,2,0.021,0.043,0.312,0.003,0.355,0.639,DOWN
0.452,7,0.957,0.041,0.588,0.003,0.298,0.802,DOWN
0.443,5,0.468,0.141,0.536,0.009,0.515,0.49,UP
0.868,4,0.894,0.029,0.532,0.002,0.448,0.579,DOWN
0.461,7,0.043,0.03,0.396,0.002,0.43,0.562,DOWN
0.032,2,0.191,0.055,0.151,0.003,0.423,0.415,DOWN
0.881,4,0.191,0.024,0.111,0.001,0.213,0.858,DOWN
0.027,7,0.638,0.06,0.297,0.003,0.423,0.415,DOWN
0.434,4,0.191,0.045,0.138,0.003,0.423,0.415,DOWN
0.447,7,0.468,0.044,0.495,0.003,0.39,0.648,DOWN
0.434,3,0.66,0.048,0.376,0.003,0.423,0.415,DOWN
0.031,6,0.17,0.054,0.197,0.003,0.423,0.415,DOWN
0.001,6,0.957,0.078,0.328,0.003,0.423,0.415,UP
0.456,6,0.043,0.031,0.332,0.002,0.363,0.706,DOWN
0.009,1,0.447,0.096,0.57,0.003,0.423,0.415,UP
0.027,7,0.532,0.097,0.296,0.003,0.423,0.415,UP
0.903,7,0.787,0.089,0.493,0.006,0.384,0.611,UP
0.004,5,0.043,0.044,0.354,0.003,0.423,0.415,DOWN
0.01,4,0.255,0.042,0.393,0.003,0.423,0.415,DOWN
0.881,6,0.553,0.029,0.471,0.002,0.557,0.396,DOWN
0.47,4,0.872,0.026,0.404,0.002,0.382,0.536,DOWN
0.023,5,0.809,0.081,0.363,0.003,0.423,0.415,UP
0.89,5,0.383,0.038,0.568,0.003,0.534,0.581,DOWN
0.435,2,0.574,0.048,0.307,0.003,0.423,0.415,UP
0.014,7,0.489,0.041,0.319,0.003,0.423,0.415,DOWN
0.027,1,0.447,0.08,0.462,0.003,0.423,0.415,UP
0.469,3,0.17,0.03,0.198,0.002,0.219,0.681,DOWN
0.46,7,0.021,0.029,0.277,0.002,0.261,0.567,DOWN
0.018,3,0.894,0.046,0.451,0.003,0.423,0.415,DOWN
0.425,4,0.255,0.055,0.161,0.003,0.423,0.415,DOWN
0.018,5,0.043,0.085,0.414,0.003,0.423,0.415,UP
0.439,6,0.915,0.05,0.374,0.003,0.423,0.415,DOWN
0.868,3,0.809,0.026,0.514,0.001,0.374,0.748,DOWN
0.443,5,0.745,0.152,0.839,0.01,0.64,0.367,DOWN
0.01,5,0.681,0.052,0.55,0.003,0.423,0.415,UP
0.871,1,0.532,0.027,0.313,0.001,0.244,0.813,DOWN
0.877,5,0.404,0.03,0.575,0.002,0.611,0.239,UP
0.461,2,0.234,0.029,0.327,0.002,0.268,0.531,DOWN
0.027,7,0.936,0.084,0.318,0.003,0.423,0.415,UP
0.439,3,0.191,0.051,0.238,0.003,0.423,0.415,DOWN
0.889,3,0.404,0.07,0.705,0.004,0.646,0.507,UP
0.027,2,0.957,0.058,0.43,0.003,0.423,0.415,DOWN
0.474,6,0.872,0.03,0.333,0.002,0.346,0.436,DOWN
0.457,6,0.83,0.028,0.414,0.002,0.331,0.651,DOWN
0.47,4,0.277,0.05,0.437,0.003,0.365,0.259,DOWN
0.435,3,0.936,0.046,0.434,0.003,0.423,0.415,UP
0.456,2,0.17,0.024,0.146,0.002,0.276,0.823,DOWN
0.898,7,0.894,0.065,0.445,0.004,0.344,0.754,DOWN
0.022,4,0.489,0.105,0.492,0.003,0.423,0.415,UP
0.032,7,0.681,0.075,0.213,0.003,0.423,0.415,UP
0.027,2,0.723,0.075,0.449,0.003,0.423,0.415,DOWN
0.474,2,0.638,0.032,0.7,0.002,0.485,0.661,DOWN
0.912,2,0.426,0.082,0.513,0.006,0.579,0.486,UP
0.474,5,0.021,0.026,0.36,0.002,0.357,0.457,DOWN
0.452,1,0.404,0.04,0.546,0.003,0.416,0.464,UP
0.019,7,0.468,0.057,0.314,0.003,0.423,0.415,DOWN
0.018,2,0.787,0.057,0.405,0.003,0.423,0.415,DOWN
0.461,3,0.277,0.035,0.534,0.002,0.424,0.375,DOWN
0.443,5,0.936,0.045,0.492,0.003,0.282,0.663,DOWN
0.005,1,0.851,0.09,0.478,0.003,0.423,0.415,UP
0.899,7,0.489,0.074,0.356,0.004,0.429,0.619,UP
0.434,6,0.021,0.048,0.323,0.003,0.423,0.415,DOWN
0.438,5,0.255,0.058,0.357,0.003,0.423,0.415,DOWN
0.027,5,0.787,0.051,0.385,0.003,0.423,0.415,DOWN
0.867,5,0.894,0.028,0.384,0.002,0.126,0.741,DOWN
0.013,4,0.34,0.047,0.505,0.003,0.423,0.415,DOWN
0.434,5,0.596,0.047,0.486,0.003,0.423,0.415,DOWN
0.465,4,0.702,0.029,0.331,0.002,0.173,0.456,DOWN
0.899,4,0.83,0.083,0.628,0.006,0.573,0.43,DOWN
0.434,3,0.085,0.046,0.281,0.003,0.423,0.415,DOWN
0.457,2,0.936,0.034,0.421,0.002,0.396,0.606,DOWN
0.452,6,0.021,0.033,0.509,0.002,0.459,0.704,DOWN
0.868,7,0.319,0.028,0.255,0.002,0.239,0.857,DOWN
0.465,3,0.043,0.033,0.266,0.002,0.316,0.371,UP
0.474,1,0.574,0.025,0.268,0.002,0.2,0.816,DOWN
0.473,7,0.894,0.028,0.416,0.002,0.279,0.542,DOWN
0.434,3,0.319,0.045,0.44,0.003,0.423,0.415,DOWN
0.868,7,0.021,0.037,0.392,0.002,0.307,0.589,UP
0.005,3,0.319,0.083,0.522,0.003,0.423,0.415,DOWN
0.013,5,0.745,0.082,0.594,0.003,0.423,0.415,UP
0.447,1,0.638,0.041,0.285,0.003,0.225,0.761,DOWN
0.88,7,0.149,0.04,0.076,0.003,0.235,0.653,DOWN
0.014,4,0.468,0.041,0.503,0.003,0.423,0.415,DOWN
0.429,6,0.17,0.058,0.151,0.003,0.423,0.415,DOWN
0.447,4,0.809,0.043,0.628,0.003,0.558,0.393,DOWN
0.429,5,0.894,0.062,0.322,0.003,0.423,0.415,DOWN
0.018,2,0.128,0.043,0.114,0.003,0.423,0.415,DOWN
0.873,7,0.511,0.031,0.444,0.002,0.34,0.836,UP
0.426,3,0.766,0.111,0.69,0.003,0.423,0.415,UP
0.434,7,0.043,0.041,0.229,0.003,0.423,0.415,DOWN
0.018,4,0.66,0.075,0.473,0.003,0.423,0.415,DOWN
0.434,3,0.681,0.053,0.448,0.003,0.423,0.415,DOWN
0.009,1,0.489,0.042,0.648,0.003,0.423,0.415,DOWN
0.027,7,0.702,0.052,0.338,0.003,0.423,0.415,DOWN
0.867,7,0.043,0.038,0.394,0.003,0.423,0.415,DOWN
0.465,1,0.128,0.025,0.136,0.002,0.244,0.533,DOWN
0.461,4,0.936,0.059,0.479,0.004,0.479,0.235,UP
0.027,5,0.489,0.107,0.541,0.003,0.423,0.415,UP
0.474,1,0.043,0.028,0.169,0.002,0.061,0.851,DOWN
0.474,7,0.957,0.029,0.338,0.002,0.264,0.72,DOWN
0.447,7,0.362,0.041,0.478,0.003,0.353,0.786,DOWN
0.438,5,0.702,0.072,0.302,0.003,0.423,0.415,UP
0.013,1,0.277,0.042,0.496,0.003,0.423,0.415,DOWN
0.027,4,0.851,0.069,0.417,0.003,0.423,0.415,UP
0.014,1,0.702,0.084,0.607,0.003,0.423,0.415,UP
0.466,5,0.277,0.029,0.334,0.002,0.336,0.57,DOWN
0.469,2,0.064,0.025,0.173,0.002,0.211,0.617,DOWN
0.868,5,0.213,0.029,0.216,0.001,0.308,0.802,DOWN
0.46,5,0.404,0.039,0.552,0.003,0.487,0.546,DOWN
0.912,5,0.064,0.043,0.195,0.003,0.311,0.465,DOWN
0.447,2,0.766,0.054,0.682,0.004,0.561,0.466,DOWN
0.465,5,0.957,0.027,0.494,0.002,0.386,0.625,DOWN
0.474,7,0.149,0.025,0.104,0.002,0.159,0.695,DOWN
0.018,4,0.574,0.079,0.468,0.003,0.423,0.415,DOWN
0.438,4,0.894,0.065,0.418,0.003,0.423,0.415,DOWN
0.014,6,0.319,0.051,0.473,0.003,0.423,0.415,UP
0.872,3,0.809,0.029,0.438,0.002,0.437,0.719,DOWN
0.451,7,0.234,0.041,0.304,0.003,0.307,0.752,DOWN
0.456,1,0.064,0.033,0.335,0.002,0.376,0.567,UP
0.895,6,0.702,0.074,0.664,0.005,0.682,0.536,DOWN
0.867,7,0.809,0.035,0.318,0.002,0.308,0.777,UP
0.014,3,0.553,0.066,0.512,0.003,0.423,0.415,DOWN
0.001,6,0.447,0.044,0.376,0.003,0.423,0.415,DOWN
0.014,1,0.979,0.043,0.483,0.003,0.423,0.415,DOWN
0.018,2,0.766,0.059,0.424,0.003,0.423,0.415,DOWN
0.912,4,0.319,0.044,0.499,0.003,0.535,0.398,DOWN
0.023,3,0.787,0.104,0.478,0.003,0.423,0.415,UP
0.868,6,0.17,0.029,0.123,0.002,0.176,0.835,DOWN
0.004,2,0.851,0.044,0.308,0.003,0.423,0.415,DOWN
0.438,4,0.021,0.058,0.306,0.003,0.423,0.415,UP
0.877,6,0.17,0.025,0.166,0.002,0.227,0.903,DOWN
0.876,7,0.447,0.029,0.494,0.002,0.261,0.743,DOWN
0.894,7,0.021,0.03,0.356,0.001,0.313,0.798,DOWN
0.434,2,0.681,0.048,0.372,0.003,0.423,0.415,DOWN
0.439,4,0.255,0.05,0.374,0.003,0.423,0.415,UP
0.004,7,0.085,0.045,0.161,0.003,0.423,0.415,DOWN
0.013,5,0.383,0.041,0.647,0.003,0.423,0.415,DOWN
0.027,1,0.723,0.075,0.416,0.003,0.423,0.415,DOWN
0.911,6,0.021,0.041,0.331,0.003,0.321,0.681,DOWN
0.877,4,0.511,0.031,0.629,0.002,0.617,0.391,DOWN
0.469,1,0.936,0.036,0.377,0.002,0.366,0.68,UP
0.912,5,0.234,0.073,0.425,0.005,0.457,0.451,UP
0.889,7,0.149,0.036,0.221,0.002,0.284,0.727,DOWN
0.46,6,0.553,0.048,0.499,0.003,0.478,0.224,DOWN
0.018,7,0.894,0.062,0.363,0.003,0.423,0.415,DOWN
0.438,3,0.894,0.064,0.356,0.003,0.423,0.415,DOWN
0.872,1,0.489,0.028,0.284,0.001,0.157,0.838,DOWN
0.877,2,1.0,0.032,0.435,0.002,0.332,0.632,UP
0.438,7,0.319,0.052,0.231,0.003,0.423,0.415,UP
0.01,6,0.809,0.042,0.594,0.003,0.423,0.415,DOWN
0.474,5,0.362,0.026,0.508,0.002,0.536,0.582,DOWN
0.434,6,0.681,0.058,0.275,0.003,0.423,0.415,UP
0.438,3,0.638,0.043,0.432,0.003,0.423,0.415,DOWN
0.023,4,0.511,0.069,0.441,0.003,0.423,0.415,DOWN
0.452,3,0.064,0.033,0.304,0.002,0.347,0.614,DOWN
0.881,7,0.745,0.036,0.256,0.002,0.315,0.693,DOWN
0.461,3,0.191,0.026,0.156,0.002,0.262,0.441,DOWN
0.908,7,0.213,0.036,0.12,0.002,0.227,0.754,DOWN
0.885,2,0.787,0.032,0.574,0.002,0.445,0.41,DOWN
0.425,6,0.447,0.089,0.477,0.003,0.423,0.415,UP
0.447,4,0.787,0.043,0.535,0.003,0.539,0.415,DOWN
0.903,5,0.191,0.032,0.166,0.002,0.164,0.664,DOWN
0.438,3,0.362,0.076,0.498,0.003,0.423,0.415,UP
0.474,2,0.851,0.031,0.306,0.002,0.293,0.504,UP
0.01,7,0.766,0.042,0.482,0.003,0.423,0.415,DOWN
0.872,7,0.213,0.017,0.167,0.001,0.213,0.838,DOWN
0.877,1,0.83,0.027,0.307,0.001,0.274,0.783,DOWN
0.004,6,0.298,0.045,0.256,0.003,0.423,0.415,DOWN
0.89,7,0.681,0.029,0.407,0.002,0.33,0.667,DOWN
0.447,2,0.511,0.062,0.676,0.004,0.596,0.398,UP
0.443,2,0.894,0.06,0.543,0.004,0.474,0.456,DOWN
0.013,6,0.085,0.041,0.292,0.003,0.423,0.415,DOWN
0.898,4,0.489,0.091,0.603,0.006,0.504,0.635,UP
0.881,1,0.447,0.04,0.424,0.003,0.42,0.527,UP
0.435,6,0.255,0.047,0.323,0.003,0.423,0.415,UP
0.013,7,0.043,0.041,0.364,0.003,0.423,0.415,DOWN
0.872,1,0.043,0.028,0.248,0.002,0.296,0.761,UP
0.456,6,0.255,0.034,0.417,0.002,0.313,0.752,DOWN
0.014,6,0.979,0.041,0.448,0.003,0.423,0.415,DOWN
0.903,4,0.468,0.054,0.583,0.004,0.564,0.406,DOWN
0.469,3,0.809,0.046,0.485,0.003,0.309,0.533,UP
0.022,6,0.681,0.068,0.325,0.003,0.423,0.415,DOWN
0.009,6,0.723,0.042,0.589,0.003,0.423,0.415,DOWN
0.426,4,0.511,0.087,0.504,0.003,0.423,0.415,UP
0.438,4,0.319,0.074,0.517,0.003,0.423,0.415,UP
0.027,3,0.745,0.06,0.447,0.003,0.423,0.415,DOWN
0.434,6,0.979,0.071,0.458,0.003,0.423,0.415,UP
0.425,4,0.255,0.055,0.353,0.003,0.423,0.415,DOWN
0.447,1,0.064,0.013,0.211,0.001,0.264,0.632,DOWN
0.009,1,0.638,0.042,0.423,0.003,0.423,0.415,DOWN
0.014,7,0.362,0.045,0.496,0.003,0.423,0.415,UP
0.894,1,0.745,0.031,0.457,0.002,0.254,0.903,UP
0.903,4,0.723,0.042,0.493,0.003,0.612,0.393,DOWN
0.451,4,0.553,0.039,0.595,0.002,0.624,0.38,UP
0.014,4,1.0,0.041,0.577,0.003,0.423,0.415,DOWN
0.023,4,0.213,0.051,0.226,0.003,0.423,0.415,DOWN
0.018,4,0.851,0.047,0.513,0.003,0.423,0.415,DOWN
0.022,3,0.894,0.046,0.397,0.003,0.423,0.415,DOWN
0.872,1,0.128,0.026,0.104,0.002,0.16,0.857,DOWN
0.452,1,0.064,0.033,0.277,0.002,0.371,0.682,DOWN
0.448,6,0.979,0.04,0.568,0.003,0.456,0.655,UP
0.004,2,0.915,0.044,0.472,0.003,0.423,0.415,DOWN
0.88,6,0.83,0.035,0.503,0.002,0.439,0.405,UP
0.018,6,0.489,0.055,0.412,0.003,0.423,0.415,DOWN
0.899,4,0.745,0.097,0.703,0.006,0.672,0.314,UP
0.456,4,0.809,0.041,0.711,0.003,0.595,0.521,UP
0.447,7,0.979,0.035,0.334,0.002,0.291,0.749,DOWN
0.88,5,0.085,0.033,0.187,0.002,0.267,0.585,DOWN
0.434,4,0.468,0.067,0.512,0.003,0.423,0.415,UP
0.867,2,0.83,0.03,0.451,0.002,0.485,0.659,UP
0.009,2,0.34,0.042,0.404,0.003,0.423,0.415,DOWN
0.47,5,0.468,0.044,0.611,0.003,0.536,0.271,DOWN
0.434,4,0.66,0.045,0.461,0.003,0.423,0.415,DOWN
0.43,2,0.894,0.076,0.496,0.003,0.423,0.415,DOWN
0.005,7,0.745,0.087,0.53,0.003,0.423,0.415,UP
0.443,7,0.043,0.063,0.383,0.004,0.403,0.501,DOWN
0.894,7,0.106,0.028,0.244,0.002,0.329,0.664,DOWN
0.903,4,0.702,0.086,0.579,0.006,0.574,0.438,UP
0.022,3,0.936,0.075,0.459,0.003,0.423,0.415,UP
0.469,7,0.915,0.027,0.272,0.002,0.234,0.729,DOWN
0.903,1,0.511,0.048,0.468,0.003,0.294,0.791,UP
0.46,3,0.745,0.057,0.579,0.004,0.394,0.419,UP
0.903,2,0.383,0.034,0.536,0.002,0.565,0.45,DOWN
0.434,7,0.638,0.075,0.351,0.003,0.423,0.415,UP
0.447,6,0.957,0.045,0.593,0.003,0.295,0.543,UP
0.898,4,0.085,0.069,0.36,0.004,0.436,0.629,DOWN
0.912,4,0.234,0.042,0.332,0.003,0.34,0.577,DOWN
0.013,1,0.447,0.041,0.537,0.003,0.423,0.415,DOWN
0.022,3,0.085,0.063,0.293,0.003,0.423,0.415,DOWN
0.457,7,0.085,0.025,0.199,0.002,0.334,0.637,DOWN
0.027,6,0.681,0.04,0.319,0.003,0.423,0.415,DOWN
0.439,2,0.085,0.047,0.356,0.003,0.423,0.415,DOWN
0.019,4,0.723,0.047,0.441,0.003,0.423,0.415,DOWN
0.89,3,0.511,0.026,0.519,0.002,0.517,0.447,DOWN
0.43,4,0.319,0.076,0.569,0.003,0.423,0.415,UP
0.912,7,0.468,0.034,0.354,0.002,0.228,0.839,DOWN
0.001,6,0.957,0.044,0.323,0.003,0.423,0.415,UP
0.426,2,0.043,0.085,0.552,0.003,0.423,0.415,UP
0.469,7,0.511,0.033,0.309,0.002,0.221,0.641,UP
0.032,6,0.298,0.073,0.415,0.003,0.423,0.415,UP
0.434,6,0.872,0.064,0.314,0.003,0.423,0.415,DOWN
0.032,7,0.83,0.075,0.359,0.003,0.423,0.415,DOWN
0.438,3,0.574,0.084,0.49,0.003,0.423,0.415,UP
0.022,6,0.043,0.06,0.266,0.003,0.423,0.415,DOWN
0.435,5,0.255,0.046,0.398,0.003,0.423,0.415,DOWN
0.443,2,0.511,0.053,0.469,0.004,0.522,0.331,DOWN
0.469,6,0.894,0.04,0.445,0.003,0.414,0.512,DOWN
0.018,2,0.532,0.051,0.484,0.003,0.423,0.415,DOWN
0.438,7,0.064,0.047,0.294,0.003,0.423,0.415,DOWN
0.023,5,0.83,0.091,0.432,0.003,0.423,0.415,UP
0.014,7,0.34,0.054,0.598,0.003,0.423,0.415,DOWN
0.031,7,0.34,0.075,0.277,0.003,0.423,0.415,UP
0.425,6,0.191,0.058,0.159,0.003,0.423,0.415,DOWN
0.868,3,0.234,0.029,0.227,0.001,0.275,0.662,DOWN
0.876,2,0.872,0.031,0.436,0.002,0.378,0.717,DOWN
0.867,2,0.426,0.026,0.436,0.002,0.216,0.901,DOWN
0.881,5,0.723,0.029,0.46,0.002,0.612,0.286,UP
0.461,5,0.213,0.031,0.242,0.002,0.225,0.502,DOWN
0.452,5,0.426,0.033,0.624,0.002,0.521,0.429,DOWN
0.89,3,0.298,0.086,0.628,0.006,0.728,0.264,DOWN
0.005,6,0.638,0.043,0.325,0.003,0.423,0.415,DOWN
0.439,6,0.043,0.048,0.16,0.003,0.423,0.415,DOWN
0.438,5,0.872,0.06,0.439,0.003,0.423,0.415,UP
0.885,7,0.191,0.021,0.197,0.001,0.357,0.663,DOWN
0.912,4,0.064,0.033,0.216,0.002,0.292,0.723,DOWN
0.438,3,0.021,0.044,0.306,0.003,0.423,0.415,DOWN
0.46,7,0.043,0.032,0.373,0.002,0.389,0.434,DOWN
0.438,1,0.851,0.056,0.486,0.003,0.423,0.415,DOWN
0.014,6,0.745,0.042,0.463,0.003,0.423,0.415,DOWN
0.448,6,0.277,0.043,0.441,0.003,0.391,0.537,UP
0.022,7,0.596,0.075,0.38,0.003,0.423,0.415,UP
0.005,7,0.766,0.058,0.507,0.003,0.423,0.415,DOWN
0.438,5,0.34,0.084,0.349,0.003,0.423,0.415,UP
0.894,3,0.787,0.089,0.716,0.005,0.579,0.518,UP
0.032,5,0.255,0.058,0.237,0.003,0.423,0.415,DOWN
0.014,1,0.085,0.041,0.176,0.003,0.423,0.415,DOWN
0.023,2,0.213,0.06,0.152,0.003,0.423,0.415,DOWN
0.867,5,0.66,0.029,0.452,0.002,0.338,0.689,UP
0.448,7,0.872,0.045,0.442,0.003,0.375,0.577,UP
0.434,6,0.809,0.068,0.449,0.003,0.423,0.415,UP
0.439,5,0.255,0.053,0.331,0.003,0.423,0.415,DOWN
0.452,1,0.213,0.023,0.103,0.001,0.176,0.766,DOWN
0.89,6,0.745,0.075,0.768,0.005,0.724,0.434,UP
0.005,3,0.638,0.055,0.556,0.003,0.423,0.415,DOWN
0.876,6,0.681,0.03,0.572,0.002,0.603,0.504,DOWN
0.456,5,0.936,0.03,0.469,0.002,0.463,0.655,DOWN
0.867,3,0.787,0.032,0.407,0.002,0.317,0.648,DOWN
0.005,5,0.34,0.043,0.588,0.003,0.423,0.415,DOWN
0.912,4,1.0,0.045,0.465,0.003,0.474,0.528,DOWN
0.461,1,0.043,0.03,0.386,0.002,0.308,0.516,DOWN
0.443,6,0.298,0.059,0.392,0.003,0.423,0.415,DOWN
0.009,4,0.596,0.042,0.503,0.003,0.423,0.415,DOWN
0.429,6,0.085,0.055,0.147,0.003,0.423,0.415,DOWN
0.903,7,0.872,0.044,0.372,0.003,0.325,0.567,DOWN
0.027,6,0.021,0.049,0.313,0.003,0.423,0.415,DOWN
0.438,5,0.277,0.074,0.443,0.003,0.423,0.415,UP
0.018,5,0.915,0.058,0.423,0.003,0.423,0.415,DOWN
0.009,6,0.064,0.042,0.382,0.003,0.423,0.415,UP
0.881,1,0.085,0.026,0.162,0.002,0.303,0.631,DOWN
0.474,1,0.745,0.05,0.573,0.003,0.451,0.435,UP
0.004,7,0.83,0.044,0.309,0.003,0.423,0.415,DOWN
0.005,5,0.298,0.098,0.537,0.003,0.423,0.415,UP
0.001,2,0.894,0.044,0.436,0.003,0.423,0.415,DOWN
0.031,2,0.851,0.125,0.497,0.003,0.423,0.415,UP
0.456,1,0.745,0.033,0.341,0.002,0.297,0.779,UP
0.898,6,0.319,0.051,0.534,0.003,0.472,0.66,DOWN
0.018,6,0.319,0.043,0.294,0.003,0.423,0.415,DOWN
0.464,6,0.489,0.028,0.487,0.002,0.498,0.502,UP
0.894,2,0.532,0.066,0.532,0.004,0.781,0.353,UP
0.023,3,0.851,0.077,0.458,0.003,0.423,0.415,UP
0.442,6,0.298,0.055,0.478,0.003,0.555,0.415,DOWN
0.005,7,0.681,0.075,0.351,0.003,0.423,0.415,DOWN
0.439,5,0.234,0.044,0.238,0.003,0.423,0.415,DOWN
0.474,2,0.255,0.028,0.394,0.002,0.302,0.505,DOWN
0.881,3,0.915,0.029,0.564,0.002,0.402,0.584,DOWN
0.456,7,0.511,0.036,0.379,0.002,0.317,0.653,UP
0.027,6,0.191,0.049,0.172,0.003,0.423,0.415,DOWN
0.889,5,0.234,0.035,0.276,0.002,0.319,0.768,DOWN
0.425,4,0.213,0.075,0.176,0.003,0.423,0.415,DOWN
0.027,3,0.851,0.053,0.409,0.003,0.423,0.415,DOWN
0.429,4,0.128,0.06,0.187,0.003,0.423,0.415,DOWN
0.429,5,0.383,0.071,0.548,0.003,0.423,0.415,UP
0.469,7,0.277,0.027,0.212,0.002,0.161,0.794,DOWN
0.872,7,0.553,0.037,0.486,0.003,0.348,0.75,UP
0.031,3,0.128,0.057,0.166,0.003,0.423,0.415,DOWN
0.443,5,0.638,0.049,0.555,0.003,0.569,0.4,DOWN
0.908,1,0.17,0.044,0.12,0.002,0.22,0.772,DOWN
0.867,6,0.809,0.027,0.326,0.002,0.278,0.855,DOWN
0.013,5,0.489,0.042,0.697,0.003,0.423,0.415,DOWN
0.881,7,0.085,0.025,0.124,0.001,0.211,0.799,DOWN
0.014,2,0.723,0.041,0.519,0.003,0.423,0.415,DOWN
0.912,5,0.298,0.045,0.463,0.003,0.475,0.504,DOWN
0.872,6,0.681,0.038,0.484,0.002,0.654,0.422,DOWN
0.43,6,0.681,0.052,0.315,0.003,0.423,0.415,DOWN
0.018,2,0.596,0.084,0.556,0.003,0.423,0.415,UP
0.899,6,0.787,0.056,0.579,0.004,0.586,0.488,DOWN
0.464,5,0.191,0.028,0.162,0.002,0.211,0.429,DOWN
0.894,5,0.511,0.048,0.507,0.003,0.639,0.472,DOWN
0.425,4,0.553,0.058,0.414,0.003,0.423,0.415,DOWN
0.881,6,0.574,0.029,0.487,0.002,0.628,0.533,DOWN
0.009,2,0.191,0.075,0.269,0.003,0.423,0.415,DOWN
0.895,7,0.34,0.051,0.433,0.004,0.289,0.771,DOWN
0.438,6,0.532,0.06,0.504,0.003,0.423,0.415,UP
0.438,3,0.809,0.053,0.457,0.003,0.423,0.415,DOWN
0.894,3,0.149,0.033,0.272,0.002,0.315,0.825,DOWN
0.439,2,0.021,0.05,0.255,0.003,0.423,0.415,DOWN
0.027,5,0.809,0.075,0.438,0.003,0.423,0.415,DOWN
0.434,5,0.957,0.047,0.408,0.003,0.423,0.415,DOWN
0.89,5,0.362,0.041,0.782,0.003,0.746,0.279,DOWN
0.469,7,0.064,0.044,0.277,0.003,0.37,0.32,DOWN
0.018,7,0.298,0.041,0.221,0.003,0.423,0.415,DOWN
0.429,1,0.021,0.055,0.195,0.003,0.423,0.415,DOWN
0.001,5,0.298,0.044,0.372,0.003,0.423,0.415,DOWN
0.457,6,0.894,0.033,0.56,0.002,0.497,0.49,DOWN
0.018,1,0.383,0.077,0.433,0.003,0.423,0.415,UP
0.434,7,0.766,0.055,0.291,0.003,0.423,0.415,UP
0.881,6,0.021,0.045,0.377,0.003,0.426,0.714,DOWN
0.868,1,0.745,0.029,0.381,0.002,0.267,0.838,DOWN
0.004,5,0.681,0.045,0.488,0.003,0.423,0.415,DOWN
0.031,3,0.426,0.135,0.533,0.003,0.423,0.415,UP
0.018,3,0.213,0.079,0.233,0.003,0.423,0.415,UP
0.014,4,0.362,0.062,0.483,0.003,0.423,0.415,UP
0.885,1,0.872,0.032,0.314,0.002,0.291,0.734,UP
0.438,1,0.638,0.058,0.435,0.003,0.423,0.415,DOWN
0.031,5,0.064,0.054,0.236,0.003,0.423,0.415,DOWN
0.023,5,0.872,0.05,0.357,0.003,0.423,0.415,DOWN
0.027,5,0.617,0.109,0.452,0.003,0.423,0.415,UP
0.894,4,0.468,0.076,0.684,0.005,0.601,0.473,UP
0.465,3,0.17,0.025,0.191,0.002,0.281,0.607,DOWN
0.461,6,0.723,0.026,0.37,0.002,0.298,0.422,DOWN
0.032,6,0.702,0.057,0.263,0.003,0.423,0.415,DOWN
0.443,2,0.277,0.045,0.464,0.003,0.414,0.373,DOWN
0.898,1,0.298,0.057,0.428,0.004,0.32,0.679,DOWN
0.438,3,0.191,0.05,0.226,0.003,0.423,0.415,DOWN
0.881,4,0.979,0.028,0.403,0.002,0.363,0.656,DOWN
0.014,2,0.745,0.075,0.905,0.003,0.423,0.415,DOWN
0.032,2,0.106,0.055,0.168,0.003,0.423,0.415,DOWN
0.898,6,0.426,0.09,0.658,0.006,0.612,0.477,UP
0.452,4,0.83,0.033,0.642,0.002,0.674,0.479,DOWN
0.461,6,0.298,0.028,0.227,0.002,0.27,0.449,DOWN
0.009,7,0.128,0.075,0.247,0.003,0.423,0.415,DOWN
0.439,4,0.383,0.065,0.486,0.003,0.423,0.415,DOWN
0.026,7,0.383,0.058,0.436,0.003,0.423,0.415,DOWN
0.456,5,0.574,0.037,0.585,0.002,0.615,0.48,UP
0.872,4,0.787,0.041,0.514,0.003,0.654,0.451,UP
0.433,6,0.979,0.077,0.376,0.003,0.423,0.415,UP
0.429,6,0.085,0.063,0.166,0.003,0.423,0.415,DOWN
0.912,6,0.553,0.046,0.439,0.003,0.473,0.481,DOWN
0.912,7,0.234,0.045,0.184,0.003,0.232,0.534,DOWN
0.885,2,0.234,0.027,0.163,0.002,0.168,0.693,DOWN
0.429,7,0.83,0.099,0.435,0.003,0.423,0.415,UP
0.425,6,0.574,0.119,0.466,0.003,0.423,0.415,UP
0.867,4,0.149,0.03,0.206,0.002,0.191,0.753,DOWN
0.868,4,0.447,0.035,0.641,0.002,0.558,0.566,DOWN
0.027,5,0.681,0.082,0.389,0.003,0.423,0.415,UP
0.004,3,0.809,0.075,0.493,0.003,0.423,0.415,UP
0.469,7,0.851,0.056,0.367,0.004,0.349,0.229,DOWN
0.425,6,0.979,0.057,0.358,0.003,0.423,0.415,DOWN
0.018,2,0.447,0.05,0.509,0.003,0.423,0.415,DOWN
0.474,4,0.213,0.025,0.24,0.002,0.331,0.598,DOWN
0.908,7,0.17,0.042,0.159,0.003,0.268,0.771,DOWN
0.898,1,0.83,0.085,0.707,0.005,0.542,0.771,UP
0.026,2,0.894,0.062,0.374,0.003,0.423,0.415,DOWN
0.456,3,0.872,0.031,0.456,0.002,0.435,0.663,DOWN
0.434,7,0.34,0.089,0.45,0.003,0.423,0.415,UP
0.434,5,0.511,0.043,0.509,0.003,0.423,0.415,DOWN
0.022,2,0.426,0.047,0.503,0.003,0.423,0.415,DOWN
0.457,6,0.447,0.038,0.518,0.003,0.543,0.517,DOWN
0.47,5,0.362,0.03,0.704,0.002,0.549,0.514,UP
0.908,5,0.66,0.09,0.564,0.006,0.56,0.368,UP
0.009,5,0.872,0.042,0.689,0.003,0.423,0.415,DOWN
0.434,4,0.043,0.048,0.35,0.003,0.423,0.415,DOWN
0.474,5,0.319,0.027,0.337,0.002,0.208,0.692,DOWN
0.464,6,0.064,0.028,0.24,0.002,0.337,0.582,DOWN
0.456,1,0.043,0.036,0.24,0.002,0.373,0.617,DOWN
0.425,6,0.043,0.079,0.252,0.003,0.423,0.415,UP
0.442,6,0.064,0.043,0.264,0.003,0.383,0.501,DOWN
0.018,4,0.553,0.048,0.498,0.003,0.423,0.415,DOWN
0.023,2,0.213,0.053,0.138,0.003,0.423,0.415,DOWN
0.872,2,0.532,0.033,0.688,0.002,0.639,0.728,DOWN
0.461,3,0.191,0.026,0.176,0.002,0.18,0.524,DOWN
0.872,6,0.234,0.029,0.344,0.001,0.28,0.798,DOWN
0.907,6,0.128,0.025,0.07,0.002,0.069,0.628,DOWN
0.023,7,0.511,0.073,0.319,0.003,0.423,0.415,DOWN
0.018,7,0.468,0.07,0.357,0.003,0.423,0.415,UP
0.43,7,0.021,0.082,0.233,0.003,0.423,0.415,DOWN
0.001,6,0.021,0.043,0.263,0.003,0.423,0.415,UP
0.461,7,0.021,0.031,0.364,0.002,0.317,0.354,DOWN
0.433,6,0.617,0.076,0.47,0.003,0.423,0.415,DOWN
0.895,2,0.574,0.051,0.59,0.004,0.622,0.476,DOWN
0.872,4,0.298,0.03,0.401,0.002,0.365,0.83,DOWN
0.894,5,0.83,0.029,0.577,0.002,0.632,0.375,DOWN
0.429,4,0.702,0.06,0.405,0.003,0.423,0.415,DOWN
0.027,1,0.213,0.066,0.212,0.003,0.423,0.415,UP
0.439,2,0.957,0.048,0.409,0.003,0.423,0.415,DOWN
0.89,2,0.787,0.039,0.759,0.003,0.678,0.68,DOWN
0.451,4,0.596,0.042,0.624,0.003,0.618,0.427,UP
0.019,5,0.979,0.04,0.431,0.003,0.423,0.415,DOWN
0.001,2,0.213,0.059,0.364,0.003,0.423,0.415,DOWN
0.881,6,0.936,0.048,0.426,0.003,0.436,0.515,DOWN
0.442,6,0.979,0.049,0.442,0.003,0.423,0.415,UP
0.435,5,0.255,0.047,0.232,0.003,0.423,0.415,DOWN
0.448,7,0.872,0.042,0.446,0.003,0.37,0.52,UP
0.456,7,0.277,0.038,0.229,0.002,0.222,0.749,DOWN
0.452,7,0.17,0.024,0.17,0.002,0.321,0.715,DOWN
0.443,6,0.362,0.045,0.556,0.003,0.507,0.483,DOWN
0.01,3,0.553,0.057,0.5,0.003,0.423,0.415,DOWN
0.443,7,0.362,0.045,0.349,0.003,0.27,0.593,DOWN
0.438,6,0.404,0.065,0.462,0.003,0.423,0.415,UP
0.885,4,0.17,0.03,0.176,0.002,0.267,0.682,DOWN
0.022,5,0.021,0.055,0.254,0.003,0.423,0.415,DOWN
0.89,7,0.979,0.04,0.537,0.003,0.449,0.646,DOWN
0.018,7,0.319,0.047,0.373,0.003,0.423,0.415,DOWN
0.435,7,0.489,0.048,0.331,0.003,0.423,0.415,UP
0.469,4,0.574,0.044,0.455,0.003,0.381,0.27,DOWN
0.439,5,0.638,0.072,0.466,0.003,0.423,0.415,UP
0.009,4,0.489,0.096,0.639,0.003,0.423,0.415,UP
0.434,6,0.723,0.055,0.349,0.003,0.423,0.415,DOWN
0.898,5,0.532,0.087,0.602,0.006,0.577,0.527,UP
0.469,6,0.149,0.02,0.165,0.002,0.283,0.523,DOWN
0.43,7,0.638,0.051,0.295,0.003,0.423,0.415,DOWN
0.009,5,0.362,0.122,0.57,0.003,0.423,0.415,UP
0.018,6,0.532,0.075,0.431,0.003,0.423,0.415,UP
0.014,3,0.489,0.041,0.623,0.003,0.423,0.415,DOWN
0.022,3,0.468,0.087,0.536,0.003,0.423,0.415,UP
0.027,6,0.894,0.061,0.315,0.003,0.423,0.415,DOWN
0.474,5,0.277,0.035,0.458,0.002,0.499,0.518,DOWN
0.456,3,0.787,0.057,0.685,0.004,0.519,0.563,DOWN
0.027,4,0.213,0.054,0.174,0.003,0.423,0.415,UP
0.005,5,0.043,0.075,0.387,0.003,0.423,0.415,DOWN
0.014,5,0.723,0.062,0.601,0.003,0.423,0.415,DOWN
0.474,2,0.0,0.028,0.445,0.002,0.514,0.563,DOWN
0.885,7,0.319,0.03,0.44,0.002,0.354,0.624,DOWN
0.443,5,0.894,0.042,0.428,0.003,0.332,0.563,DOWN
0.443,5,0.723,0.054,0.508,0.004,0.505,0.401,DOWN
0.01,5,0.489,0.075,0.514,0.003,0.423,0.415,UP
0.027,2,0.532,0.07,0.479,0.003,0.423,0.415,UP
0.013,4,0.255,0.041,0.365,0.003,0.423,0.415,DOWN
0.461,5,0.319,0.031,0.598,0.002,0.515,0.327,DOWN
0.425,2,0.723,0.075,0.464,0.003,0.423,0.415,UP
0.027,4,0.511,0.072,0.377,0.003,0.423,0.415,DOWN
0.894,5,0.213,0.04,0.386,0.003,0.424,0.574,DOWN
0.89,3,0.872,0.068,0.43,0.004,0.501,0.483,DOWN
0.004,1,0.426,0.047,0.518,0.003,0.423,0.415,DOWN
0.456,4,0.574,0.043,0.566,0.003,0.571,0.414,UP
0.885,5,0.915,0.027,0.394,0.002,0.395,0.694,DOWN
0.026,1,0.979,0.055,0.273,0.003,0.423,0.415,DOWN
0.438,6,0.34,0.06,0.371,0.003,0.423,0.415,UP
0.018,5,0.511,0.076,0.573,0.003,0.423,0.415,UP
0.877,4,0.787,0.029,0.444,0.002,0.379,0.626,DOWN
0.001,2,0.234,0.044,0.381,0.003,0.423,0.415,DOWN
0.908,3,0.106,0.031,0.122,0.002,0.275,0.798,DOWN
0.027,4,0.191,0.052,0.17,0.003,0.423,0.415,DOWN
0.005,4,0.489,0.042,0.625,0.003,0.423,0.415,DOWN
0.881,6,0.766,0.035,0.45,0.002,0.499,0.566,DOWN
0.456,2,0.681,0.033,0.521,0.002,0.528,0.507,DOWN
0.461,1,0.702,0.026,0.254,0.002,0.269,0.764,DOWN
0.447,3,0.638,0.033,0.511,0.002,0.409,0.729,DOWN
0.894,7,0.319,0.059,0.566,0.004,0.344,0.786,DOWN
0.009,2,0.149,0.042,0.235,0.003,0.423,0.415,DOWN
0.912,3,0.489,0.06,0.553,0.004,0.594,0.418,UP
0.908,1,0.17,0.043,0.153,0.003,0.25,0.573,DOWN
0.031,3,0.979,0.091,0.446,0.003,0.423,0.415,DOWN
0.001,3,0.128,0.044,0.265,0.003,0.423,0.415,DOWN
0.005,7,0.574,0.075,0.516,0.003,0.423,0.415,DOWN
0.881,3,0.872,0.029,0.42,0.002,0.468,0.603,DOWN
0.027,7,0.213,0.048,0.166,0.003,0.423,0.415,DOWN
0.43,3,0.532,0.072,0.549,0.003,0.423,0.415,DOWN
0.451,5,0.426,0.049,0.708,0.003,0.724,0.338,DOWN
0.005,3,0.745,0.081,0.537,0.003,0.423,0.415,UP
0.456,6,0.021,0.032,0.576,0.002,0.491,0.448,DOWN
0.018,6,0.979,0.071,0.35,0.003,0.423,0.415,UP
0.894,4,0.681,0.084,0.793,0.006,0.788,0.408,UP
0.448,6,0.723,0.043,0.539,0.003,0.545,0.414,UP
0.447,1,0.638,0.051,0.294,0.003,0.193,0.561,DOWN
0.018,3,0.468,0.058,0.561,0.003,0.423,0.415,UP
0.469,3,0.638,0.044,0.467,0.003,0.502,0.148,UP
0.009,3,0.426,0.077,0.575,0.003,0.423,0.415,UP
0.868,7,0.064,0.035,0.434,0.002,0.369,0.634,DOWN
0.456,3,0.298,0.036,0.474,0.002,0.497,0.527,DOWN
0.443,7,0.66,0.044,0.321,0.003,0.289,0.501,DOWN
0.877,7,0.085,0.027,0.108,0.002,0.263,0.746,DOWN
0.885,7,0.353,0.088,0.425,0.006,0.386,0.718,UP
0.434,3,0.894,0.079,0.41,0.003,0.423,0.415,UP
0.443,2,0.66,0.056,0.447,0.004,0.442,0.469,DOWN
0.88,5,0.043,0.037,0.332,0.002,0.367,0.587,DOWN
0.885,6,0.638,0.029,0.483,0.002,0.444,0.597,DOWN
0.018,3,0.277,0.108,0.48,0.003,0.423,0.415,UP
0.456,4,0.383,0.035,0.586,0.002,0.558,0.544,UP
0.023,5,0.191,0.046,0.152,0.003,0.423,0.415,DOWN
0.425,2,0.043,0.077,0.228,0.003,0.423,0.415,DOWN
0.461,4,0.979,0.034,0.412,0.002,0.364,0.399,DOWN
0.912,3,0.0,0.042,0.14,0.003,0.185,0.577,DOWN
0.903,6,0.043,0.071,0.419,0.005,0.354,0.598,UP
0.43,5,0.468,0.081,0.529,0.003,0.423,0.415,DOWN
0.438,5,0.021,0.053,0.421,0.003,0.423,0.415,DOWN
0.429,6,0.234,0.055,0.234,0.003,0.423,0.415,DOWN
0.014,3,0.128,0.041,0.244,0.003,0.423,0.415,DOWN
0.876,3,0.064,0.027,0.208,0.001,0.366,0.857,DOWN
0.868,6,0.128,0.019,0.228,0.001,0.279,0.813,DOWN
0.877,6,0.957,0.029,0.449,0.002,0.384,0.624,DOWN
0.001,2,0.149,0.044,0.182,0.003,0.423,0.415,DOWN
0.894,4,0.234,0.032,0.411,0.002,0.404,0.574,DOWN
0.027,4,0.17,0.048,0.103,0.003,0.423,0.415,DOWN
0.885,1,0.043,0.035,0.244,0.002,0.286,0.666,UP
0.018,7,0.979,0.043,0.284,0.003,0.423,0.415,DOWN
0.912,5,0.83,0.044,0.454,0.003,0.524,0.404,DOWN
0.027,3,1.0,0.075,0.457,0.003,0.423,0.415,UP
0.439,3,0.66,0.058,0.496,0.003,0.423,0.415,DOWN
0.461,4,0.085,0.033,0.147,0.002,0.335,0.538,DOWN
0.023,7,0.809,0.082,0.315,0.003,0.423,0.415,UP
0.001,5,0.745,0.168,0.609,0.003,0.423,0.415,UP
0.46,2,0.468,0.043,0.539,0.003,0.481,0.465,DOWN
0.456,5,0.809,0.041,0.602,0.003,0.548,0.465,UP
0.466,6,0.319,0.053,0.471,0.004,0.531,0.545,UP
0.434,7,0.936,0.068,0.293,0.003,0.423,0.415,UP
